-- phpMyAdmin SQL Dump
-- version 4.6.2
-- https://www.phpmyadmin.net/
--
-- Host: localhost
-- Generation Time: Aug 24, 2016 at 01:18 AM
-- Server version: 5.7.13-0ubuntu0.16.04.2
-- PHP Version: 7.0.8-2+deb.sury.org~xenial+1

SET SQL_MODE = "NO_AUTO_VALUE_ON_ZERO";
SET time_zone = "+00:00";


/*!40101 SET @OLD_CHARACTER_SET_CLIENT=@@CHARACTER_SET_CLIENT */;
/*!40101 SET @OLD_CHARACTER_SET_RESULTS=@@CHARACTER_SET_RESULTS */;
/*!40101 SET @OLD_COLLATION_CONNECTION=@@COLLATION_CONNECTION */;
/*!40101 SET NAMES utf8mb4 */;

--
-- Database: `student_manager`
--

-- --------------------------------------------------------

--
-- Table structure for table `cl4sses`
--

CREATE TABLE `cl4sses` (
  `id` int(10) UNSIGNED NOT NULL,
  `cl4ss_type_id` int(10) UNSIGNED NOT NULL,
  `grade_id` int(10) UNSIGNED NOT NULL,
  `scholastic_id` int(10) UNSIGNED NOT NULL,
  `semester_id` int(10) UNSIGNED NOT NULL,
  `teacher_id` int(10) UNSIGNED NOT NULL,
  `cl4ss_active` int(1) NOT NULL DEFAULT '0',
  `parent_id` int(10) UNSIGNED NOT NULL
) ENGINE=InnoDB DEFAULT CHARSET=utf8;

--
-- Dumping data for table `cl4sses`
--

INSERT INTO `cl4sses` (`id`, `cl4ss_type_id`, `grade_id`, `scholastic_id`, `semester_id`, `teacher_id`, `cl4ss_active`, `parent_id`) VALUES
(1, 1, 5, 16, 6, 151, 0, 412),
(2, 2, 5, 16, 6, 173, 0, 410),
(3, 3, 5, 16, 6, 172, 0, 470),
(4, 1, 6, 16, 6, 157, 0, 208),
(5, 2, 6, 16, 6, 148, 0, 436),
(6, 3, 6, 16, 6, 160, 0, 288),
(7, 1, 7, 16, 6, 168, 0, 196),
(8, 2, 7, 16, 6, 161, 0, 456),
(9, 3, 7, 16, 6, 175, 0, 190),
(10, 1, 8, 16, 6, 161, 0, 380),
(11, 2, 8, 16, 6, 171, 0, 290),
(12, 3, 8, 16, 6, 166, 0, 470),
(13, 1, 9, 16, 6, 167, 0, 330),
(14, 2, 9, 16, 6, 161, 0, 414),
(15, 3, 9, 16, 6, 167, 0, 336),
(16, 1, 10, 16, 6, 159, 0, 278),
(17, 2, 10, 16, 6, 178, 0, 400),
(18, 3, 10, 16, 6, 164, 0, 444),
(19, 1, 11, 16, 6, 166, 0, 416),
(20, 2, 11, 16, 6, 153, 0, 386),
(21, 3, 11, 16, 6, 165, 0, 370),
(22, 1, 5, 16, 7, 147, 0, 240),
(23, 2, 5, 16, 7, 171, 0, 262),
(24, 3, 5, 16, 7, 160, 0, 284),
(25, 1, 6, 16, 7, 180, 0, 236),
(26, 2, 6, 16, 7, 148, 0, 416),
(27, 3, 6, 16, 7, 173, 0, 376),
(28, 1, 7, 16, 7, 149, 0, 256),
(29, 2, 7, 16, 7, 166, 0, 272),
(30, 3, 7, 16, 7, 180, 0, 274),
(31, 1, 8, 16, 7, 145, 0, 272),
(32, 2, 8, 16, 7, 171, 0, 256),
(33, 3, 8, 16, 7, 180, 0, 462),
(34, 1, 9, 16, 7, 170, 0, 194),
(35, 2, 9, 16, 7, 152, 0, 290),
(36, 3, 9, 16, 7, 144, 0, 460),
(37, 1, 10, 16, 7, 157, 0, 372),
(38, 2, 10, 16, 7, 162, 0, 188),
(39, 3, 10, 16, 7, 149, 0, 462),
(40, 1, 11, 16, 7, 168, 0, 228),
(41, 2, 11, 16, 7, 177, 0, 192),
(42, 3, 11, 16, 7, 165, 0, 258),
(43, 1, 5, 17, 6, 177, 0, 292),
(44, 2, 5, 17, 6, 167, 0, 250),
(45, 3, 5, 17, 6, 179, 0, 226),
(46, 1, 6, 17, 6, 163, 0, 312),
(47, 2, 6, 17, 6, 164, 0, 436),
(48, 3, 6, 17, 6, 159, 0, 350),
(49, 1, 7, 17, 6, 171, 0, 364),
(50, 2, 7, 17, 6, 146, 0, 410),
(51, 3, 7, 17, 6, 152, 0, 272),
(52, 1, 8, 17, 6, 158, 0, 320),
(53, 2, 8, 17, 6, 147, 0, 202),
(54, 3, 8, 17, 6, 175, 0, 328),
(55, 1, 9, 17, 6, 150, 0, 236),
(56, 2, 9, 17, 6, 169, 0, 448),
(57, 3, 9, 17, 6, 144, 0, 214),
(58, 1, 10, 17, 6, 148, 0, 478),
(59, 2, 10, 17, 6, 178, 0, 446),
(60, 3, 10, 17, 6, 149, 0, 326),
(61, 1, 11, 17, 6, 173, 0, 228),
(62, 2, 11, 17, 6, 142, 0, 272),
(63, 3, 11, 17, 6, 156, 0, 360),
(64, 1, 5, 17, 7, 162, 0, 254),
(65, 2, 5, 17, 7, 166, 0, 458),
(66, 3, 5, 17, 7, 179, 0, 464),
(67, 1, 6, 17, 7, 174, 0, 196),
(68, 2, 6, 17, 7, 177, 0, 350),
(69, 3, 6, 17, 7, 180, 0, 380),
(70, 1, 7, 17, 7, 141, 0, 410),
(71, 2, 7, 17, 7, 177, 0, 194),
(72, 3, 7, 17, 7, 172, 0, 258),
(73, 1, 8, 17, 7, 164, 0, 360),
(74, 2, 8, 17, 7, 180, 0, 378),
(75, 3, 8, 17, 7, 179, 0, 288),
(76, 1, 9, 17, 7, 176, 0, 392),
(77, 2, 9, 17, 7, 155, 0, 226),
(78, 3, 9, 17, 7, 176, 0, 298),
(79, 1, 10, 17, 7, 157, 0, 392),
(80, 2, 10, 17, 7, 170, 0, 212),
(81, 3, 10, 17, 7, 156, 0, 466),
(82, 1, 11, 17, 7, 171, 0, 214),
(83, 2, 11, 17, 7, 155, 0, 408),
(84, 3, 11, 17, 7, 141, 0, 222),
(85, 1, 5, 18, 6, 145, 0, 204),
(86, 2, 5, 18, 6, 150, 0, 210),
(87, 3, 5, 18, 6, 159, 0, 322),
(88, 1, 6, 18, 6, 157, 0, 356),
(89, 2, 6, 18, 6, 174, 0, 276),
(90, 3, 6, 18, 6, 167, 0, 426),
(91, 1, 7, 18, 6, 152, 0, 316),
(92, 2, 7, 18, 6, 169, 0, 220),
(93, 3, 7, 18, 6, 154, 0, 204),
(94, 1, 8, 18, 6, 141, 0, 444),
(95, 2, 8, 18, 6, 147, 0, 254),
(96, 3, 8, 18, 6, 147, 0, 368),
(97, 1, 9, 18, 6, 147, 0, 406),
(98, 2, 9, 18, 6, 156, 0, 310),
(99, 3, 9, 18, 6, 149, 0, 304),
(100, 1, 10, 18, 6, 162, 0, 442),
(101, 2, 10, 18, 6, 162, 0, 418),
(102, 3, 10, 18, 6, 150, 0, 466),
(103, 1, 11, 18, 6, 146, 0, 298),
(104, 2, 11, 18, 6, 172, 0, 352),
(105, 3, 11, 18, 6, 147, 0, 426),
(106, 1, 5, 18, 7, 162, 0, 216),
(107, 2, 5, 18, 7, 150, 0, 330),
(108, 3, 5, 18, 7, 178, 0, 274),
(109, 1, 6, 18, 7, 172, 0, 280),
(110, 2, 6, 18, 7, 144, 0, 462),
(111, 3, 6, 18, 7, 161, 0, 212),
(112, 1, 7, 18, 7, 153, 0, 428),
(113, 2, 7, 18, 7, 150, 0, 214),
(114, 3, 7, 18, 7, 145, 0, 368),
(115, 1, 8, 18, 7, 166, 0, 286),
(116, 2, 8, 18, 7, 177, 0, 300),
(117, 3, 8, 18, 7, 143, 0, 236),
(118, 1, 9, 18, 7, 159, 0, 340),
(119, 2, 9, 18, 7, 144, 0, 404),
(120, 3, 9, 18, 7, 151, 0, 388),
(121, 1, 10, 18, 7, 152, 0, 300),
(122, 2, 10, 18, 7, 145, 0, 480),
(123, 3, 10, 18, 7, 152, 0, 244),
(124, 1, 11, 18, 7, 179, 0, 412),
(125, 2, 11, 18, 7, 164, 0, 324),
(126, 3, 11, 18, 7, 143, 0, 400),
(127, 1, 5, 19, 6, 163, 0, 296),
(128, 2, 5, 19, 6, 152, 0, 260),
(129, 3, 5, 19, 6, 170, 0, 356),
(130, 1, 6, 19, 6, 166, 0, 182),
(131, 2, 6, 19, 6, 146, 0, 220),
(132, 3, 6, 19, 6, 143, 0, 332),
(133, 1, 7, 19, 6, 169, 0, 376),
(134, 2, 7, 19, 6, 153, 0, 256),
(135, 3, 7, 19, 6, 173, 0, 224),
(136, 1, 8, 19, 6, 166, 0, 456),
(137, 2, 8, 19, 6, 159, 0, 290),
(138, 3, 8, 19, 6, 166, 0, 324),
(139, 1, 9, 19, 6, 167, 0, 406),
(140, 2, 9, 19, 6, 168, 0, 374),
(141, 3, 9, 19, 6, 149, 0, 214),
(142, 1, 10, 19, 6, 148, 0, 208),
(143, 2, 10, 19, 6, 146, 0, 454),
(144, 3, 10, 19, 6, 176, 0, 476),
(145, 1, 11, 19, 6, 177, 0, 456),
(146, 2, 11, 19, 6, 150, 0, 414),
(147, 3, 11, 19, 6, 156, 0, 216),
(148, 1, 5, 19, 7, 180, 0, 426),
(149, 2, 5, 19, 7, 176, 0, 350),
(150, 3, 5, 19, 7, 156, 0, 426),
(151, 1, 6, 19, 7, 150, 0, 444),
(152, 2, 6, 19, 7, 143, 0, 432),
(153, 3, 6, 19, 7, 149, 0, 274),
(154, 1, 7, 19, 7, 156, 0, 350),
(155, 2, 7, 19, 7, 142, 0, 376),
(156, 3, 7, 19, 7, 155, 0, 388),
(157, 1, 8, 19, 7, 167, 0, 244),
(158, 2, 8, 19, 7, 155, 0, 306),
(159, 3, 8, 19, 7, 176, 0, 456),
(160, 1, 9, 19, 7, 148, 0, 240),
(161, 2, 9, 19, 7, 173, 0, 466),
(162, 3, 9, 19, 7, 146, 0, 392),
(163, 1, 10, 19, 7, 150, 0, 374),
(164, 2, 10, 19, 7, 160, 0, 468),
(165, 3, 10, 19, 7, 156, 0, 430),
(166, 1, 11, 19, 7, 172, 0, 336),
(167, 2, 11, 19, 7, 176, 0, 206),
(168, 3, 11, 19, 7, 167, 0, 218),
(169, 1, 5, 20, 6, 180, 0, 338),
(170, 2, 5, 20, 6, 154, 0, 338),
(171, 3, 5, 20, 6, 162, 0, 210),
(172, 1, 6, 20, 6, 164, 0, 316),
(173, 2, 6, 20, 6, 151, 0, 274),
(174, 3, 6, 20, 6, 165, 0, 418),
(175, 1, 7, 20, 6, 166, 0, 440),
(176, 2, 7, 20, 6, 157, 0, 286),
(177, 3, 7, 20, 6, 178, 0, 340),
(178, 1, 8, 20, 6, 147, 0, 212),
(179, 2, 8, 20, 6, 164, 0, 338),
(180, 3, 8, 20, 6, 160, 0, 370),
(181, 1, 9, 20, 6, 173, 0, 282),
(182, 2, 9, 20, 6, 174, 0, 228),
(183, 3, 9, 20, 6, 180, 0, 196),
(184, 1, 10, 20, 6, 149, 0, 290),
(185, 2, 10, 20, 6, 176, 0, 440),
(186, 3, 10, 20, 6, 152, 0, 308),
(187, 1, 11, 20, 6, 165, 0, 400),
(188, 2, 11, 20, 6, 157, 0, 234),
(189, 3, 11, 20, 6, 179, 0, 266),
(190, 1, 5, 20, 7, 152, 0, 304),
(191, 2, 5, 20, 7, 164, 0, 416),
(192, 3, 5, 20, 7, 179, 0, 446),
(193, 1, 6, 20, 7, 143, 0, 376),
(194, 2, 6, 20, 7, 170, 0, 460),
(195, 3, 6, 20, 7, 177, 0, 188),
(196, 1, 7, 20, 7, 158, 0, 444),
(197, 2, 7, 20, 7, 148, 0, 296),
(198, 3, 7, 20, 7, 173, 0, 312),
(199, 1, 8, 20, 7, 176, 0, 372),
(200, 2, 8, 20, 7, 146, 0, 292),
(201, 3, 8, 20, 7, 179, 0, 250),
(202, 1, 9, 20, 7, 154, 0, 450),
(203, 2, 9, 20, 7, 144, 0, 242),
(204, 3, 9, 20, 7, 170, 0, 450),
(205, 1, 10, 20, 7, 165, 0, 432),
(206, 2, 10, 20, 7, 180, 0, 326),
(207, 3, 10, 20, 7, 141, 0, 374),
(208, 1, 11, 20, 7, 143, 0, 472),
(209, 2, 11, 20, 7, 170, 0, 330),
(210, 3, 11, 20, 7, 151, 0, 188),
(211, 1, 5, 21, 6, 171, 0, 384),
(212, 2, 5, 21, 6, 147, 0, 378),
(213, 3, 5, 21, 6, 147, 0, 462),
(214, 1, 6, 21, 6, 149, 0, 322),
(215, 2, 6, 21, 6, 166, 0, 290),
(216, 3, 6, 21, 6, 159, 0, 270),
(217, 1, 7, 21, 6, 157, 0, 230),
(218, 2, 7, 21, 6, 169, 0, 284),
(219, 3, 7, 21, 6, 172, 0, 312),
(220, 1, 8, 21, 6, 150, 0, 346),
(221, 2, 8, 21, 6, 172, 0, 216),
(222, 3, 8, 21, 6, 180, 0, 366),
(223, 1, 9, 21, 6, 146, 0, 462),
(224, 2, 9, 21, 6, 147, 0, 446),
(225, 3, 9, 21, 6, 147, 0, 420),
(226, 1, 10, 21, 6, 148, 0, 200),
(227, 2, 10, 21, 6, 167, 0, 340),
(228, 3, 10, 21, 6, 161, 0, 248),
(229, 1, 11, 21, 6, 155, 0, 184),
(230, 2, 11, 21, 6, 155, 0, 394),
(231, 3, 11, 21, 6, 167, 0, 338),
(232, 1, 5, 21, 7, 166, 0, 388),
(233, 2, 5, 21, 7, 147, 0, 200),
(234, 3, 5, 21, 7, 170, 0, 402),
(235, 1, 6, 21, 7, 169, 0, 468),
(236, 2, 6, 21, 7, 173, 0, 448),
(237, 3, 6, 21, 7, 146, 0, 272),
(238, 1, 7, 21, 7, 142, 0, 290),
(239, 2, 7, 21, 7, 173, 0, 186),
(240, 3, 7, 21, 7, 153, 0, 398),
(241, 1, 8, 21, 7, 168, 0, 308),
(242, 2, 8, 21, 7, 147, 0, 258),
(243, 3, 8, 21, 7, 163, 0, 262),
(244, 1, 9, 21, 7, 153, 0, 296),
(245, 2, 9, 21, 7, 163, 0, 430),
(246, 3, 9, 21, 7, 145, 0, 418),
(247, 1, 10, 21, 7, 146, 0, 284),
(248, 2, 10, 21, 7, 144, 0, 232),
(249, 3, 10, 21, 7, 148, 0, 242),
(250, 1, 11, 21, 7, 174, 0, 478),
(251, 2, 11, 21, 7, 157, 0, 468),
(252, 3, 11, 21, 7, 167, 0, 374),
(253, 1, 5, 22, 6, 180, 0, 214),
(254, 2, 5, 22, 6, 142, 0, 406),
(255, 3, 5, 22, 6, 155, 0, 450),
(256, 1, 6, 22, 6, 154, 0, 404),
(257, 2, 6, 22, 6, 176, 0, 450),
(258, 3, 6, 22, 6, 144, 0, 408),
(259, 1, 7, 22, 6, 171, 0, 242),
(260, 2, 7, 22, 6, 141, 0, 314),
(261, 3, 7, 22, 6, 142, 0, 426),
(262, 1, 8, 22, 6, 145, 0, 342),
(263, 2, 8, 22, 6, 178, 0, 422),
(264, 3, 8, 22, 6, 148, 0, 182),
(265, 1, 9, 22, 6, 180, 0, 298),
(266, 2, 9, 22, 6, 149, 0, 378),
(267, 3, 9, 22, 6, 171, 0, 404),
(268, 1, 10, 22, 6, 172, 0, 326),
(269, 2, 10, 22, 6, 165, 0, 242),
(270, 3, 10, 22, 6, 176, 0, 234),
(271, 1, 11, 22, 6, 151, 0, 436),
(272, 2, 11, 22, 6, 152, 0, 228),
(273, 3, 11, 22, 6, 162, 0, 316),
(274, 1, 5, 22, 7, 154, 0, 266),
(275, 2, 5, 22, 7, 176, 0, 256),
(276, 3, 5, 22, 7, 178, 0, 256),
(277, 1, 6, 22, 7, 152, 0, 314),
(278, 2, 6, 22, 7, 172, 0, 266),
(279, 3, 6, 22, 7, 180, 0, 408),
(280, 1, 7, 22, 7, 145, 0, 304),
(281, 2, 7, 22, 7, 159, 0, 444),
(282, 3, 7, 22, 7, 161, 0, 286),
(283, 1, 8, 22, 7, 164, 0, 366),
(284, 2, 8, 22, 7, 152, 0, 454),
(285, 3, 8, 22, 7, 179, 0, 186),
(286, 1, 9, 22, 7, 158, 0, 198),
(287, 2, 9, 22, 7, 150, 0, 414),
(288, 3, 9, 22, 7, 169, 0, 402),
(289, 1, 10, 22, 7, 169, 0, 474),
(290, 2, 10, 22, 7, 160, 0, 384),
(291, 3, 10, 22, 7, 178, 0, 452),
(292, 1, 11, 22, 7, 162, 0, 300),
(293, 2, 11, 22, 7, 168, 0, 294),
(294, 3, 11, 22, 7, 144, 0, 456),
(295, 1, 5, 23, 6, 171, 0, 354),
(296, 2, 5, 23, 6, 174, 0, 296),
(297, 3, 5, 23, 6, 153, 0, 450),
(298, 1, 6, 23, 6, 166, 0, 232),
(299, 2, 6, 23, 6, 180, 0, 416),
(300, 3, 6, 23, 6, 168, 0, 414),
(301, 1, 7, 23, 6, 154, 0, 366),
(302, 2, 7, 23, 6, 160, 0, 374),
(303, 3, 7, 23, 6, 141, 0, 480),
(304, 1, 8, 23, 6, 170, 0, 208),
(305, 2, 8, 23, 6, 169, 0, 198),
(306, 3, 8, 23, 6, 180, 0, 412),
(307, 1, 9, 23, 6, 146, 0, 314),
(308, 2, 9, 23, 6, 163, 0, 244),
(309, 3, 9, 23, 6, 147, 0, 450),
(310, 1, 10, 23, 6, 169, 0, 458),
(311, 2, 10, 23, 6, 168, 0, 362),
(312, 3, 10, 23, 6, 176, 0, 372),
(313, 1, 11, 23, 6, 154, 0, 432),
(314, 2, 11, 23, 6, 166, 0, 472),
(315, 3, 11, 23, 6, 160, 0, 276),
(316, 1, 5, 23, 7, 147, 0, 404),
(317, 2, 5, 23, 7, 177, 0, 326),
(318, 3, 5, 23, 7, 173, 0, 398),
(319, 1, 6, 23, 7, 152, 0, 260),
(320, 2, 6, 23, 7, 143, 0, 200),
(321, 3, 6, 23, 7, 144, 0, 284),
(322, 1, 7, 23, 7, 149, 0, 344),
(323, 2, 7, 23, 7, 178, 0, 312),
(324, 3, 7, 23, 7, 142, 0, 388),
(325, 1, 8, 23, 7, 145, 0, 278),
(326, 2, 8, 23, 7, 176, 0, 314),
(327, 3, 8, 23, 7, 175, 0, 452),
(328, 1, 9, 23, 7, 147, 0, 326),
(329, 2, 9, 23, 7, 156, 0, 212),
(330, 3, 9, 23, 7, 171, 0, 454),
(331, 1, 10, 23, 7, 170, 0, 430),
(332, 2, 10, 23, 7, 150, 0, 318),
(333, 3, 10, 23, 7, 156, 0, 408),
(334, 1, 11, 23, 7, 165, 0, 184),
(335, 2, 11, 23, 7, 161, 0, 462),
(336, 3, 11, 23, 7, 180, 0, 252),
(337, 1, 5, 24, 6, 151, 0, 252),
(338, 2, 5, 24, 6, 168, 0, 430),
(339, 3, 5, 24, 6, 151, 0, 334),
(340, 1, 6, 24, 6, 147, 0, 260),
(341, 2, 6, 24, 6, 169, 0, 254),
(342, 3, 6, 24, 6, 157, 0, 236),
(343, 1, 7, 24, 6, 162, 0, 392),
(344, 2, 7, 24, 6, 149, 0, 378),
(345, 3, 7, 24, 6, 154, 0, 292),
(346, 1, 8, 24, 6, 158, 0, 418),
(347, 2, 8, 24, 6, 178, 0, 478),
(348, 3, 8, 24, 6, 169, 0, 478),
(349, 1, 9, 24, 6, 154, 0, 240),
(350, 2, 9, 24, 6, 167, 0, 316),
(351, 3, 9, 24, 6, 170, 0, 266),
(352, 1, 10, 24, 6, 172, 0, 198),
(353, 2, 10, 24, 6, 173, 0, 388),
(354, 3, 10, 24, 6, 168, 0, 448),
(355, 1, 11, 24, 6, 175, 0, 404),
(356, 2, 11, 24, 6, 159, 0, 364),
(357, 3, 11, 24, 6, 152, 0, 198),
(358, 1, 5, 24, 7, 145, 0, 384),
(359, 2, 5, 24, 7, 171, 0, 208),
(360, 3, 5, 24, 7, 163, 0, 248),
(361, 1, 6, 24, 7, 146, 0, 376),
(362, 2, 6, 24, 7, 142, 0, 364),
(363, 3, 6, 24, 7, 173, 0, 196),
(364, 1, 7, 24, 7, 176, 0, 288),
(365, 2, 7, 24, 7, 169, 0, 218),
(366, 3, 7, 24, 7, 157, 0, 182),
(367, 1, 8, 24, 7, 169, 0, 272),
(368, 2, 8, 24, 7, 157, 0, 406),
(369, 3, 8, 24, 7, 164, 0, 266),
(370, 1, 9, 24, 7, 172, 0, 308),
(371, 2, 9, 24, 7, 157, 0, 314),
(372, 3, 9, 24, 7, 155, 0, 284),
(373, 1, 10, 24, 7, 174, 0, 384),
(374, 2, 10, 24, 7, 150, 0, 200),
(375, 3, 10, 24, 7, 155, 0, 376),
(376, 1, 11, 24, 7, 180, 0, 452),
(377, 2, 11, 24, 7, 156, 0, 390),
(378, 3, 11, 24, 7, 153, 0, 304),
(379, 2, 10, 22, 6, 145, 0, 188);

-- --------------------------------------------------------

--
-- Table structure for table `cl4ss_student`
--

CREATE TABLE `cl4ss_student` (
  `id` int(11) UNSIGNED NOT NULL,
  `cl4ss_id` int(10) UNSIGNED NOT NULL,
  `student_id` int(10) UNSIGNED NOT NULL
) ENGINE=InnoDB DEFAULT CHARSET=utf8;

--
-- Dumping data for table `cl4ss_student`
--

INSERT INTO `cl4ss_student` (`id`, `cl4ss_id`, `student_id`) VALUES
(4201, 1, 381),
(4202, 1, 383),
(4203, 1, 385),
(4204, 1, 387),
(4205, 1, 389),
(4206, 1, 391),
(4207, 1, 393),
(4208, 1, 395),
(4209, 1, 397),
(4210, 1, 399),
(4211, 1, 401),
(4212, 1, 403),
(4213, 1, 405),
(4214, 1, 407),
(4215, 1, 409),
(4216, 1, 411),
(4217, 1, 413),
(4218, 1, 415),
(4219, 1, 417),
(4220, 1, 419),
(4221, 1, 421),
(4222, 1, 423),
(4223, 1, 425),
(4224, 1, 427),
(4225, 1, 429),
(4226, 1, 431),
(4227, 1, 433),
(4228, 1, 435),
(4229, 1, 437),
(4230, 1, 439),
(4231, 1, 441),
(4232, 1, 443),
(4233, 1, 445),
(4234, 1, 447),
(4235, 1, 449),
(4236, 1, 451),
(4237, 1, 453),
(4238, 1, 455),
(4239, 1, 457),
(4240, 1, 459),
(4241, 1, 461),
(4242, 1, 463),
(4243, 1, 465),
(4244, 1, 467),
(4245, 1, 469),
(4246, 1, 471),
(4247, 1, 473),
(4248, 1, 475),
(4249, 1, 477),
(4250, 1, 479),
(4251, 2, 381),
(4252, 2, 383),
(4253, 2, 385),
(4254, 2, 387),
(4255, 2, 389),
(4256, 2, 391),
(4257, 2, 393),
(4258, 2, 395),
(4259, 2, 397),
(4260, 2, 399),
(4261, 2, 401),
(4262, 2, 403),
(4263, 2, 405),
(4264, 2, 407),
(4265, 2, 409),
(4266, 2, 411),
(4267, 2, 413),
(4268, 2, 415),
(4269, 2, 417),
(4270, 2, 419),
(4271, 2, 421),
(4272, 2, 423),
(4273, 2, 425),
(4274, 2, 427),
(4275, 2, 429),
(4276, 2, 431),
(4277, 2, 433),
(4278, 2, 435),
(4279, 2, 437),
(4280, 2, 439),
(4281, 2, 441),
(4282, 2, 443),
(4283, 2, 445),
(4284, 2, 447),
(4285, 2, 449),
(4286, 2, 451),
(4287, 2, 453),
(4288, 2, 455),
(4289, 2, 457),
(4290, 2, 459),
(4291, 2, 461),
(4292, 2, 463),
(4293, 2, 465),
(4294, 2, 467),
(4295, 2, 469),
(4296, 2, 471),
(4297, 2, 473),
(4298, 2, 475),
(4299, 2, 477),
(4300, 2, 479),
(4301, 3, 381),
(4302, 3, 383),
(4303, 3, 385),
(4304, 3, 387),
(4305, 3, 389),
(4306, 3, 391),
(4307, 3, 393),
(4308, 3, 395),
(4309, 3, 397),
(4310, 3, 399),
(4311, 3, 401),
(4312, 3, 403),
(4313, 3, 405),
(4314, 3, 407),
(4315, 3, 409),
(4316, 3, 411),
(4317, 3, 413),
(4318, 3, 415),
(4319, 3, 417),
(4320, 3, 419),
(4321, 3, 421),
(4322, 3, 423),
(4323, 3, 425),
(4324, 3, 427),
(4325, 3, 429),
(4326, 3, 431),
(4327, 3, 433),
(4328, 3, 435),
(4329, 3, 437),
(4330, 3, 439),
(4331, 3, 441),
(4332, 3, 443),
(4333, 3, 445),
(4334, 3, 447),
(4335, 3, 449),
(4336, 3, 451),
(4337, 3, 453),
(4338, 3, 455),
(4339, 3, 457),
(4340, 3, 459),
(4341, 3, 461),
(4342, 3, 463),
(4343, 3, 465),
(4344, 3, 467),
(4345, 3, 469),
(4346, 3, 471),
(4347, 3, 473),
(4348, 3, 475),
(4349, 3, 477),
(4350, 3, 479),
(4351, 22, 381),
(4352, 22, 383),
(4353, 22, 385),
(4354, 22, 387),
(4355, 22, 389),
(4356, 22, 391),
(4357, 22, 393),
(4358, 22, 395),
(4359, 22, 397),
(4360, 22, 399),
(4361, 22, 401),
(4362, 22, 403),
(4363, 22, 405),
(4364, 22, 407),
(4365, 22, 409),
(4366, 22, 411),
(4367, 22, 413),
(4368, 22, 415),
(4369, 22, 417),
(4370, 22, 419),
(4371, 22, 421),
(4372, 22, 423),
(4373, 22, 425),
(4374, 22, 427),
(4375, 22, 429),
(4376, 22, 431),
(4377, 22, 433),
(4378, 22, 435),
(4379, 22, 437),
(4380, 22, 439),
(4381, 22, 441),
(4382, 22, 443),
(4383, 22, 445),
(4384, 22, 447),
(4385, 22, 449),
(4386, 22, 451),
(4387, 22, 453),
(4388, 22, 455),
(4389, 22, 457),
(4390, 22, 459),
(4391, 22, 461),
(4392, 22, 463),
(4393, 22, 465),
(4394, 22, 467),
(4395, 22, 469),
(4396, 22, 471),
(4397, 22, 473),
(4398, 22, 475),
(4399, 22, 477),
(4400, 22, 479),
(4401, 23, 381),
(4402, 23, 383),
(4403, 23, 385),
(4404, 23, 387),
(4405, 23, 389),
(4406, 23, 391),
(4407, 23, 393),
(4408, 23, 395),
(4409, 23, 397),
(4410, 23, 399),
(4411, 23, 401),
(4412, 23, 403),
(4413, 23, 405),
(4414, 23, 407),
(4415, 23, 409),
(4416, 23, 411),
(4417, 23, 413),
(4418, 23, 415),
(4419, 23, 417),
(4420, 23, 419),
(4421, 23, 421),
(4422, 23, 423),
(4423, 23, 425),
(4424, 23, 427),
(4425, 23, 429),
(4426, 23, 431),
(4427, 23, 433),
(4428, 23, 435),
(4429, 23, 437),
(4430, 23, 439),
(4431, 23, 441),
(4432, 23, 443),
(4433, 23, 445),
(4434, 23, 447),
(4435, 23, 449),
(4436, 23, 451),
(4437, 23, 453),
(4438, 23, 455),
(4439, 23, 457),
(4440, 23, 459),
(4441, 23, 461),
(4442, 23, 463),
(4443, 23, 465),
(4444, 23, 467),
(4445, 23, 469),
(4446, 23, 471),
(4447, 23, 473),
(4448, 23, 475),
(4449, 23, 477),
(4450, 23, 479),
(4451, 24, 381),
(4452, 24, 383),
(4453, 24, 385),
(4454, 24, 387),
(4455, 24, 389),
(4456, 24, 391),
(4457, 24, 393),
(4458, 24, 395),
(4459, 24, 397),
(4460, 24, 399),
(4461, 24, 401),
(4462, 24, 403),
(4463, 24, 405),
(4464, 24, 407),
(4465, 24, 409),
(4466, 24, 411),
(4467, 24, 413),
(4468, 24, 415),
(4469, 24, 417),
(4470, 24, 419),
(4471, 24, 421),
(4472, 24, 423),
(4473, 24, 425),
(4474, 24, 427),
(4475, 24, 429),
(4476, 24, 431),
(4477, 24, 433),
(4478, 24, 435),
(4479, 24, 437),
(4480, 24, 439),
(4481, 24, 441),
(4482, 24, 443),
(4483, 24, 445),
(4484, 24, 447),
(4485, 24, 449),
(4486, 24, 451),
(4487, 24, 453),
(4488, 24, 455),
(4489, 24, 457),
(4490, 24, 459),
(4491, 24, 461),
(4492, 24, 463),
(4493, 24, 465),
(4494, 24, 467),
(4495, 24, 469),
(4496, 24, 471),
(4497, 24, 473),
(4498, 24, 475),
(4499, 24, 477),
(4500, 24, 479),
(4501, 46, 381),
(4502, 46, 383),
(4503, 46, 385),
(4504, 46, 387),
(4505, 46, 389),
(4506, 46, 391),
(4507, 46, 393),
(4508, 46, 395),
(4509, 46, 397),
(4510, 46, 399),
(4511, 46, 401),
(4512, 46, 403),
(4513, 46, 405),
(4514, 46, 407),
(4515, 46, 409),
(4516, 46, 411),
(4517, 46, 413),
(4518, 46, 415),
(4519, 46, 417),
(4520, 46, 419),
(4521, 46, 421),
(4522, 46, 423),
(4523, 46, 425),
(4524, 46, 427),
(4525, 46, 429),
(4526, 46, 431),
(4527, 46, 433),
(4528, 46, 435),
(4529, 46, 437),
(4530, 46, 439),
(4531, 46, 441),
(4532, 46, 443),
(4533, 46, 445),
(4534, 46, 447),
(4535, 46, 449),
(4536, 46, 451),
(4537, 46, 453),
(4538, 46, 455),
(4539, 46, 457),
(4540, 46, 459),
(4541, 46, 461),
(4542, 46, 463),
(4543, 46, 465),
(4544, 46, 467),
(4545, 46, 469),
(4546, 46, 471),
(4547, 46, 473),
(4548, 46, 475),
(4549, 46, 477),
(4550, 46, 479),
(4551, 47, 381),
(4552, 47, 383),
(4553, 47, 385),
(4554, 47, 387),
(4555, 47, 389),
(4556, 47, 391),
(4557, 47, 393),
(4558, 47, 395),
(4559, 47, 397),
(4560, 47, 399),
(4561, 47, 401),
(4562, 47, 403),
(4563, 47, 405),
(4564, 47, 407),
(4565, 47, 409),
(4566, 47, 411),
(4567, 47, 413),
(4568, 47, 415),
(4569, 47, 417),
(4570, 47, 419),
(4571, 47, 421),
(4572, 47, 423),
(4573, 47, 425),
(4574, 47, 427),
(4575, 47, 429),
(4576, 47, 431),
(4577, 47, 433),
(4578, 47, 435),
(4579, 47, 437),
(4580, 47, 439),
(4581, 47, 441),
(4582, 47, 443),
(4583, 47, 445),
(4584, 47, 447),
(4585, 47, 449),
(4586, 47, 451),
(4587, 47, 453),
(4588, 47, 455),
(4589, 47, 457),
(4590, 47, 459),
(4591, 47, 461),
(4592, 47, 463),
(4593, 47, 465),
(4594, 47, 467),
(4595, 47, 469),
(4596, 47, 471),
(4597, 47, 473),
(4598, 47, 475),
(4599, 47, 477),
(4600, 47, 479),
(4601, 48, 381),
(4602, 48, 383),
(4603, 48, 385),
(4604, 48, 387),
(4605, 48, 389),
(4606, 48, 391),
(4607, 48, 393),
(4608, 48, 395),
(4609, 48, 397),
(4610, 48, 399),
(4611, 48, 401),
(4612, 48, 403),
(4613, 48, 405),
(4614, 48, 407),
(4615, 48, 409),
(4616, 48, 411),
(4617, 48, 413),
(4618, 48, 415),
(4619, 48, 417),
(4620, 48, 419),
(4621, 48, 421),
(4622, 48, 423),
(4623, 48, 425),
(4624, 48, 427),
(4625, 48, 429),
(4626, 48, 431),
(4627, 48, 433),
(4628, 48, 435),
(4629, 48, 437),
(4630, 48, 439),
(4631, 48, 441),
(4632, 48, 443),
(4633, 48, 445),
(4634, 48, 447),
(4635, 48, 449),
(4636, 48, 451),
(4637, 48, 453),
(4638, 48, 455),
(4639, 48, 457),
(4640, 48, 459),
(4641, 48, 461),
(4642, 48, 463),
(4643, 48, 465),
(4644, 48, 467),
(4645, 48, 469),
(4646, 48, 471),
(4647, 48, 473),
(4648, 48, 475),
(4649, 48, 477),
(4650, 48, 479),
(4651, 67, 381),
(4652, 67, 383),
(4653, 67, 385),
(4654, 67, 387),
(4655, 67, 389),
(4656, 67, 391),
(4657, 67, 393),
(4658, 67, 395),
(4659, 67, 397),
(4660, 67, 399),
(4661, 67, 401),
(4662, 67, 403),
(4663, 67, 405),
(4664, 67, 407),
(4665, 67, 409),
(4666, 67, 411),
(4667, 67, 413),
(4668, 67, 415),
(4669, 67, 417),
(4670, 67, 419),
(4671, 67, 421),
(4672, 67, 423),
(4673, 67, 425),
(4674, 67, 427),
(4675, 67, 429),
(4676, 67, 431),
(4677, 67, 433),
(4678, 67, 435),
(4679, 67, 437),
(4680, 67, 439),
(4681, 67, 441),
(4682, 67, 443),
(4683, 67, 445),
(4684, 67, 447),
(4685, 67, 449),
(4686, 67, 451),
(4687, 67, 453),
(4688, 67, 455),
(4689, 67, 457),
(4690, 67, 459),
(4691, 67, 461),
(4692, 67, 463),
(4693, 67, 465),
(4694, 67, 467),
(4695, 67, 469),
(4696, 67, 471),
(4697, 67, 473),
(4698, 67, 475),
(4699, 67, 477),
(4700, 67, 479),
(4701, 68, 381),
(4702, 68, 383),
(4703, 68, 385),
(4704, 68, 387),
(4705, 68, 389),
(4706, 68, 391),
(4707, 68, 393),
(4708, 68, 395),
(4709, 68, 397),
(4710, 68, 399),
(4711, 68, 401),
(4712, 68, 403),
(4713, 68, 405),
(4714, 68, 407),
(4715, 68, 409),
(4716, 68, 411),
(4717, 68, 413),
(4718, 68, 415),
(4719, 68, 417),
(4720, 68, 419),
(4721, 68, 421),
(4722, 68, 423),
(4723, 68, 425),
(4724, 68, 427),
(4725, 68, 429),
(4726, 68, 431),
(4727, 68, 433),
(4728, 68, 435),
(4729, 68, 437),
(4730, 68, 439),
(4731, 68, 441),
(4732, 68, 443),
(4733, 68, 445),
(4734, 68, 447),
(4735, 68, 449),
(4736, 68, 451),
(4737, 68, 453),
(4738, 68, 455),
(4739, 68, 457),
(4740, 68, 459),
(4741, 68, 461),
(4742, 68, 463),
(4743, 68, 465),
(4744, 68, 467),
(4745, 68, 469),
(4746, 68, 471),
(4747, 68, 473),
(4748, 68, 475),
(4749, 68, 477),
(4750, 68, 479),
(4751, 69, 381),
(4752, 69, 383),
(4753, 69, 385),
(4754, 69, 387),
(4755, 69, 389),
(4756, 69, 391),
(4757, 69, 393),
(4758, 69, 395),
(4759, 69, 397),
(4760, 69, 399),
(4761, 69, 401),
(4762, 69, 403),
(4763, 69, 405),
(4764, 69, 407),
(4765, 69, 409),
(4766, 69, 411),
(4767, 69, 413),
(4768, 69, 415),
(4769, 69, 417),
(4770, 69, 419),
(4771, 69, 421),
(4772, 69, 423),
(4773, 69, 425),
(4774, 69, 427),
(4775, 69, 429),
(4776, 69, 431),
(4777, 69, 433),
(4778, 69, 435),
(4779, 69, 437),
(4780, 69, 439),
(4781, 69, 441),
(4782, 69, 443),
(4783, 69, 445),
(4784, 69, 447),
(4785, 69, 449),
(4786, 69, 451),
(4787, 69, 453),
(4788, 69, 455),
(4789, 69, 457),
(4790, 69, 459),
(4791, 69, 461),
(4792, 69, 463),
(4793, 69, 465),
(4794, 69, 467),
(4795, 69, 469),
(4796, 69, 471),
(4797, 69, 473),
(4798, 69, 475),
(4799, 69, 477),
(4800, 69, 479),
(4801, 91, 381),
(4802, 91, 383),
(4803, 91, 385),
(4804, 91, 387),
(4805, 91, 389),
(4806, 91, 391),
(4807, 91, 393),
(4808, 91, 395),
(4809, 91, 397),
(4810, 91, 399),
(4811, 91, 401),
(4812, 91, 403),
(4813, 91, 405),
(4814, 91, 407),
(4815, 91, 409),
(4816, 91, 411),
(4817, 91, 413),
(4818, 91, 415),
(4819, 91, 417),
(4820, 91, 419),
(4821, 91, 421),
(4822, 91, 423),
(4823, 91, 425),
(4824, 91, 427),
(4825, 91, 429),
(4826, 91, 431),
(4827, 91, 433),
(4828, 91, 435),
(4829, 91, 437),
(4830, 91, 439),
(4831, 91, 441),
(4832, 91, 443),
(4833, 91, 445),
(4834, 91, 447),
(4835, 91, 449),
(4836, 91, 451),
(4837, 91, 453),
(4838, 91, 455),
(4839, 91, 457),
(4840, 91, 459),
(4841, 91, 461),
(4842, 91, 463),
(4843, 91, 465),
(4844, 91, 467),
(4845, 91, 469),
(4846, 91, 471),
(4847, 91, 473),
(4848, 91, 475),
(4849, 91, 477),
(4850, 91, 479),
(4851, 92, 381),
(4852, 92, 383),
(4853, 92, 385),
(4854, 92, 387),
(4855, 92, 389),
(4856, 92, 391),
(4857, 92, 393),
(4858, 92, 395),
(4859, 92, 397),
(4860, 92, 399),
(4861, 92, 401),
(4862, 92, 403),
(4863, 92, 405),
(4864, 92, 407),
(4865, 92, 409),
(4866, 92, 411),
(4867, 92, 413),
(4868, 92, 415),
(4869, 92, 417),
(4870, 92, 419),
(4871, 92, 421),
(4872, 92, 423),
(4873, 92, 425),
(4874, 92, 427),
(4875, 92, 429),
(4876, 92, 431),
(4877, 92, 433),
(4878, 92, 435),
(4879, 92, 437),
(4880, 92, 439),
(4881, 92, 441),
(4882, 92, 443),
(4883, 92, 445),
(4884, 92, 447),
(4885, 92, 449),
(4886, 92, 451),
(4887, 92, 453),
(4888, 92, 455),
(4889, 92, 457),
(4890, 92, 459),
(4891, 92, 461),
(4892, 92, 463),
(4893, 92, 465),
(4894, 92, 467),
(4895, 92, 469),
(4896, 92, 471),
(4897, 92, 473),
(4898, 92, 475),
(4899, 92, 477),
(4900, 92, 479),
(4901, 93, 381),
(4902, 93, 383),
(4903, 93, 385),
(4904, 93, 387),
(4905, 93, 389),
(4906, 93, 391),
(4907, 93, 393),
(4908, 93, 395),
(4909, 93, 397),
(4910, 93, 399),
(4911, 93, 401),
(4912, 93, 403),
(4913, 93, 405),
(4914, 93, 407),
(4915, 93, 409),
(4916, 93, 411),
(4917, 93, 413),
(4918, 93, 415),
(4919, 93, 417),
(4920, 93, 419),
(4921, 93, 421),
(4922, 93, 423),
(4923, 93, 425),
(4924, 93, 427),
(4925, 93, 429),
(4926, 93, 431),
(4927, 93, 433),
(4928, 93, 435),
(4929, 93, 437),
(4930, 93, 439),
(4931, 93, 441),
(4932, 93, 443),
(4933, 93, 445),
(4934, 93, 447),
(4935, 93, 449),
(4936, 93, 451),
(4937, 93, 453),
(4938, 93, 455),
(4939, 93, 457),
(4940, 93, 459),
(4941, 93, 461),
(4942, 93, 463),
(4943, 93, 465),
(4944, 93, 467),
(4945, 93, 469),
(4946, 93, 471),
(4947, 93, 473),
(4948, 93, 475),
(4949, 93, 477),
(4950, 93, 479),
(4951, 112, 381),
(4952, 112, 383),
(4953, 112, 385),
(4954, 112, 387),
(4955, 112, 389),
(4956, 112, 391),
(4957, 112, 393),
(4958, 112, 395),
(4959, 112, 397),
(4960, 112, 399),
(4961, 112, 401),
(4962, 112, 403),
(4963, 112, 405),
(4964, 112, 407),
(4965, 112, 409),
(4966, 112, 411),
(4967, 112, 413),
(4968, 112, 415),
(4969, 112, 417),
(4970, 112, 419),
(4971, 112, 421),
(4972, 112, 423),
(4973, 112, 425),
(4974, 112, 427),
(4975, 112, 429),
(4976, 112, 431),
(4977, 112, 433),
(4978, 112, 435),
(4979, 112, 437),
(4980, 112, 439),
(4981, 112, 441),
(4982, 112, 443),
(4983, 112, 445),
(4984, 112, 447),
(4985, 112, 449),
(4986, 112, 451),
(4987, 112, 453),
(4988, 112, 455),
(4989, 112, 457),
(4990, 112, 459),
(4991, 112, 461),
(4992, 112, 463),
(4993, 112, 465),
(4994, 112, 467),
(4995, 112, 469),
(4996, 112, 471),
(4997, 112, 473),
(4998, 112, 475),
(4999, 112, 477),
(5000, 112, 479),
(5001, 113, 381),
(5002, 113, 383),
(5003, 113, 385),
(5004, 113, 387),
(5005, 113, 389),
(5006, 113, 391),
(5007, 113, 393),
(5008, 113, 395),
(5009, 113, 397),
(5010, 113, 399),
(5011, 113, 401),
(5012, 113, 403),
(5013, 113, 405),
(5014, 113, 407),
(5015, 113, 409),
(5016, 113, 411),
(5017, 113, 413),
(5018, 113, 415),
(5019, 113, 417),
(5020, 113, 419),
(5021, 113, 421),
(5022, 113, 423),
(5023, 113, 425),
(5024, 113, 427),
(5025, 113, 429),
(5026, 113, 431),
(5027, 113, 433),
(5028, 113, 435),
(5029, 113, 437),
(5030, 113, 439),
(5031, 113, 441),
(5032, 113, 443),
(5033, 113, 445),
(5034, 113, 447),
(5035, 113, 449),
(5036, 113, 451),
(5037, 113, 453),
(5038, 113, 455),
(5039, 113, 457),
(5040, 113, 459),
(5041, 113, 461),
(5042, 113, 463),
(5043, 113, 465),
(5044, 113, 467),
(5045, 113, 469),
(5046, 113, 471),
(5047, 113, 473),
(5048, 113, 475),
(5049, 113, 477),
(5050, 113, 479),
(5051, 114, 381),
(5052, 114, 383),
(5053, 114, 385),
(5054, 114, 387),
(5055, 114, 389),
(5056, 114, 391),
(5057, 114, 393),
(5058, 114, 395),
(5059, 114, 397),
(5060, 114, 399),
(5061, 114, 401),
(5062, 114, 403),
(5063, 114, 405),
(5064, 114, 407),
(5065, 114, 409),
(5066, 114, 411),
(5067, 114, 413),
(5068, 114, 415),
(5069, 114, 417),
(5070, 114, 419),
(5071, 114, 421),
(5072, 114, 423),
(5073, 114, 425),
(5074, 114, 427),
(5075, 114, 429),
(5076, 114, 431),
(5077, 114, 433),
(5078, 114, 435),
(5079, 114, 437),
(5080, 114, 439),
(5081, 114, 441),
(5082, 114, 443),
(5083, 114, 445),
(5084, 114, 447),
(5085, 114, 449),
(5086, 114, 451),
(5087, 114, 453),
(5088, 114, 455),
(5089, 114, 457),
(5090, 114, 459),
(5091, 114, 461),
(5092, 114, 463),
(5093, 114, 465),
(5094, 114, 467),
(5095, 114, 469),
(5096, 114, 471),
(5097, 114, 473),
(5098, 114, 475),
(5099, 114, 477),
(5100, 114, 479),
(5101, 139, 381),
(5102, 139, 383),
(5103, 139, 385),
(5104, 139, 387),
(5105, 139, 389),
(5106, 139, 391),
(5107, 139, 393),
(5108, 139, 395),
(5109, 139, 397),
(5110, 139, 399),
(5111, 139, 401),
(5112, 139, 403),
(5113, 139, 405),
(5114, 139, 407),
(5115, 139, 409),
(5116, 139, 411),
(5117, 139, 413),
(5118, 139, 415),
(5119, 139, 417),
(5120, 139, 419),
(5121, 139, 421),
(5122, 139, 423),
(5123, 139, 425),
(5124, 139, 427),
(5125, 139, 429),
(5126, 139, 431),
(5127, 139, 433),
(5128, 139, 435),
(5129, 139, 437),
(5130, 139, 439),
(5131, 139, 441),
(5132, 139, 443),
(5133, 139, 445),
(5134, 139, 447),
(5135, 139, 449),
(5136, 139, 451),
(5137, 139, 453),
(5138, 139, 455),
(5139, 139, 457),
(5140, 139, 459),
(5141, 139, 461),
(5142, 139, 463),
(5143, 139, 465),
(5144, 139, 467),
(5145, 139, 469),
(5146, 139, 471),
(5147, 139, 473),
(5148, 139, 475),
(5149, 139, 477),
(5150, 139, 479),
(5151, 140, 381),
(5152, 140, 383),
(5153, 140, 385),
(5154, 140, 387),
(5155, 140, 389),
(5156, 140, 391),
(5157, 140, 393),
(5158, 140, 395),
(5159, 140, 397),
(5160, 140, 399),
(5161, 140, 401),
(5162, 140, 403),
(5163, 140, 405),
(5164, 140, 407),
(5165, 140, 409),
(5166, 140, 411),
(5167, 140, 413),
(5168, 140, 415),
(5169, 140, 417),
(5170, 140, 419),
(5171, 140, 421),
(5172, 140, 423),
(5173, 140, 425),
(5174, 140, 427),
(5175, 140, 429),
(5176, 140, 431),
(5177, 140, 433),
(5178, 140, 435),
(5179, 140, 437),
(5180, 140, 439),
(5181, 140, 441),
(5182, 140, 443),
(5183, 140, 445),
(5184, 140, 447),
(5185, 140, 449),
(5186, 140, 451),
(5187, 140, 453),
(5188, 140, 455),
(5189, 140, 457),
(5190, 140, 459),
(5191, 140, 461),
(5192, 140, 463),
(5193, 140, 465),
(5194, 140, 467),
(5195, 140, 469),
(5196, 140, 471),
(5197, 140, 473),
(5198, 140, 475),
(5199, 140, 477),
(5200, 140, 479),
(5201, 141, 381),
(5202, 141, 383),
(5203, 141, 385),
(5204, 141, 387),
(5205, 141, 389),
(5206, 141, 391),
(5207, 141, 393),
(5208, 141, 395),
(5209, 141, 397),
(5210, 141, 399),
(5211, 141, 401),
(5212, 141, 403),
(5213, 141, 405),
(5214, 141, 407),
(5215, 141, 409),
(5216, 141, 411),
(5217, 141, 413),
(5218, 141, 415),
(5219, 141, 417),
(5220, 141, 419),
(5221, 141, 421),
(5222, 141, 423),
(5223, 141, 425),
(5224, 141, 427),
(5225, 141, 429),
(5226, 141, 431),
(5227, 141, 433),
(5228, 141, 435),
(5229, 141, 437),
(5230, 141, 439),
(5231, 141, 441),
(5232, 141, 443),
(5233, 141, 445),
(5234, 141, 447),
(5235, 141, 449),
(5236, 141, 451),
(5237, 141, 453),
(5238, 141, 455),
(5239, 141, 457),
(5240, 141, 459),
(5241, 141, 461),
(5242, 141, 463),
(5243, 141, 465),
(5244, 141, 467),
(5245, 141, 469),
(5246, 141, 471),
(5247, 141, 473),
(5248, 141, 475),
(5249, 141, 477),
(5250, 141, 479),
(5251, 160, 381),
(5252, 160, 383),
(5253, 160, 385),
(5254, 160, 387),
(5255, 160, 389),
(5256, 160, 391),
(5257, 160, 393),
(5258, 160, 395),
(5259, 160, 397),
(5260, 160, 399),
(5261, 160, 401),
(5262, 160, 403),
(5263, 160, 405),
(5264, 160, 407),
(5265, 160, 409),
(5266, 160, 411),
(5267, 160, 413),
(5268, 160, 415),
(5269, 160, 417),
(5270, 160, 419),
(5271, 160, 421),
(5272, 160, 423),
(5273, 160, 425),
(5274, 160, 427),
(5275, 160, 429),
(5276, 160, 431),
(5277, 160, 433),
(5278, 160, 435),
(5279, 160, 437),
(5280, 160, 439),
(5281, 160, 441),
(5282, 160, 443),
(5283, 160, 445),
(5284, 160, 447),
(5285, 160, 449),
(5286, 160, 451),
(5287, 160, 453),
(5288, 160, 455),
(5289, 160, 457),
(5290, 160, 459),
(5291, 160, 461),
(5292, 160, 463),
(5293, 160, 465),
(5294, 160, 467),
(5295, 160, 469),
(5296, 160, 471),
(5297, 160, 473),
(5298, 160, 475),
(5299, 160, 477),
(5300, 160, 479),
(5301, 161, 381),
(5302, 161, 383),
(5303, 161, 385),
(5304, 161, 387),
(5305, 161, 389),
(5306, 161, 391),
(5307, 161, 393),
(5308, 161, 395),
(5309, 161, 397),
(5310, 161, 399),
(5311, 161, 401),
(5312, 161, 403),
(5313, 161, 405),
(5314, 161, 407),
(5315, 161, 409),
(5316, 161, 411),
(5317, 161, 413),
(5318, 161, 415),
(5319, 161, 417),
(5320, 161, 419),
(5321, 161, 421),
(5322, 161, 423),
(5323, 161, 425),
(5324, 161, 427),
(5325, 161, 429),
(5326, 161, 431),
(5327, 161, 433),
(5328, 161, 435),
(5329, 161, 437),
(5330, 161, 439),
(5331, 161, 441),
(5332, 161, 443),
(5333, 161, 445),
(5334, 161, 447),
(5335, 161, 449),
(5336, 161, 451),
(5337, 161, 453),
(5338, 161, 455),
(5339, 161, 457),
(5340, 161, 459),
(5341, 161, 461),
(5342, 161, 463),
(5343, 161, 465),
(5344, 161, 467),
(5345, 161, 469),
(5346, 161, 471),
(5347, 161, 473),
(5348, 161, 475),
(5349, 161, 477),
(5350, 161, 479),
(5351, 162, 381),
(5352, 162, 383),
(5353, 162, 385),
(5354, 162, 387),
(5355, 162, 389),
(5356, 162, 391),
(5357, 162, 393),
(5358, 162, 395),
(5359, 162, 397),
(5360, 162, 399),
(5361, 162, 401),
(5362, 162, 403),
(5363, 162, 405),
(5364, 162, 407),
(5365, 162, 409),
(5366, 162, 411),
(5367, 162, 413),
(5368, 162, 415),
(5369, 162, 417),
(5370, 162, 419),
(5371, 162, 421),
(5372, 162, 423),
(5373, 162, 425),
(5374, 162, 427),
(5375, 162, 429),
(5376, 162, 431),
(5377, 162, 433),
(5378, 162, 435),
(5379, 162, 437),
(5380, 162, 439),
(5381, 162, 441),
(5382, 162, 443),
(5383, 162, 445),
(5384, 162, 447),
(5385, 162, 449),
(5386, 162, 451),
(5387, 162, 453),
(5388, 162, 455),
(5389, 162, 457),
(5390, 162, 459),
(5391, 162, 461),
(5392, 162, 463),
(5393, 162, 465),
(5394, 162, 467),
(5395, 162, 469),
(5396, 162, 471),
(5397, 162, 473),
(5398, 162, 475),
(5399, 162, 477),
(5400, 162, 479),
(5401, 184, 381),
(5402, 184, 383),
(5403, 184, 385),
(5404, 184, 387),
(5405, 184, 389),
(5406, 184, 391),
(5407, 184, 393),
(5408, 184, 395),
(5409, 184, 397),
(5410, 184, 399),
(5411, 184, 401),
(5412, 184, 403),
(5413, 184, 405),
(5414, 184, 407),
(5415, 184, 409),
(5416, 184, 411),
(5417, 184, 413),
(5418, 184, 415),
(5419, 184, 417),
(5420, 184, 419),
(5421, 184, 421),
(5422, 184, 423),
(5423, 184, 425),
(5424, 184, 427),
(5425, 184, 429),
(5426, 184, 431),
(5427, 184, 433),
(5428, 184, 435),
(5429, 184, 437),
(5430, 184, 439),
(5431, 184, 441),
(5432, 184, 443),
(5433, 184, 445),
(5434, 184, 447),
(5435, 184, 449),
(5436, 184, 451),
(5437, 184, 453),
(5438, 184, 455),
(5439, 184, 457),
(5440, 184, 459),
(5441, 184, 461),
(5442, 184, 463),
(5443, 184, 465),
(5444, 184, 467),
(5445, 184, 469),
(5446, 184, 471),
(5447, 184, 473),
(5448, 184, 475),
(5449, 184, 477),
(5450, 184, 479),
(5451, 185, 381),
(5452, 185, 383),
(5453, 185, 385),
(5454, 185, 387),
(5455, 185, 389),
(5456, 185, 391),
(5457, 185, 393),
(5458, 185, 395),
(5459, 185, 397),
(5460, 185, 399),
(5461, 185, 401),
(5462, 185, 403),
(5463, 185, 405),
(5464, 185, 407),
(5465, 185, 409),
(5466, 185, 411),
(5467, 185, 413),
(5468, 185, 415),
(5469, 185, 417),
(5470, 185, 419),
(5471, 185, 421),
(5472, 185, 423),
(5473, 185, 425),
(5474, 185, 427),
(5475, 185, 429),
(5476, 185, 431),
(5477, 185, 433),
(5478, 185, 435),
(5479, 185, 437),
(5480, 185, 439),
(5481, 185, 441),
(5482, 185, 443),
(5483, 185, 445),
(5484, 185, 447),
(5485, 185, 449),
(5486, 185, 451),
(5487, 185, 453),
(5488, 185, 455),
(5489, 185, 457),
(5490, 185, 459),
(5491, 185, 461),
(5492, 185, 463),
(5493, 185, 465),
(5494, 185, 467),
(5495, 185, 469),
(5496, 185, 471),
(5497, 185, 473),
(5498, 185, 475),
(5499, 185, 477),
(5500, 185, 479),
(5501, 186, 381),
(5502, 186, 383),
(5503, 186, 385),
(5504, 186, 387),
(5505, 186, 389),
(5506, 186, 391),
(5507, 186, 393),
(5508, 186, 395),
(5509, 186, 397),
(5510, 186, 399),
(5511, 186, 401),
(5512, 186, 403),
(5513, 186, 405),
(5514, 186, 407),
(5515, 186, 409),
(5516, 186, 411),
(5517, 186, 413),
(5518, 186, 415),
(5519, 186, 417),
(5520, 186, 419),
(5521, 186, 421),
(5522, 186, 423),
(5523, 186, 425),
(5524, 186, 427),
(5525, 186, 429),
(5526, 186, 431),
(5527, 186, 433),
(5528, 186, 435),
(5529, 186, 437),
(5530, 186, 439),
(5531, 186, 441),
(5532, 186, 443),
(5533, 186, 445),
(5534, 186, 447),
(5535, 186, 449),
(5536, 186, 451),
(5537, 186, 453),
(5538, 186, 455),
(5539, 186, 457),
(5540, 186, 459),
(5541, 186, 461),
(5542, 186, 463),
(5543, 186, 465),
(5544, 186, 467),
(5545, 186, 469),
(5546, 186, 471),
(5547, 186, 473),
(5548, 186, 475),
(5549, 186, 477),
(5550, 186, 479),
(5551, 205, 381),
(5552, 205, 383),
(5553, 205, 385),
(5554, 205, 387),
(5555, 205, 389),
(5556, 205, 391),
(5557, 205, 393),
(5558, 205, 395),
(5559, 205, 397),
(5560, 205, 399),
(5561, 205, 401),
(5562, 205, 403),
(5563, 205, 405),
(5564, 205, 407),
(5565, 205, 409),
(5566, 205, 411),
(5567, 205, 413),
(5568, 205, 415),
(5569, 205, 417),
(5570, 205, 419),
(5571, 205, 421),
(5572, 205, 423),
(5573, 205, 425),
(5574, 205, 427),
(5575, 205, 429),
(5576, 205, 431),
(5577, 205, 433),
(5578, 205, 435),
(5579, 205, 437),
(5580, 205, 439),
(5581, 205, 441),
(5582, 205, 443),
(5583, 205, 445),
(5584, 205, 447),
(5585, 205, 449),
(5586, 205, 451),
(5587, 205, 453),
(5588, 205, 455),
(5589, 205, 457),
(5590, 205, 459),
(5591, 205, 461),
(5592, 205, 463),
(5593, 205, 465),
(5594, 205, 467),
(5595, 205, 469),
(5596, 205, 471),
(5597, 205, 473),
(5598, 205, 475),
(5599, 205, 477),
(5600, 205, 479),
(5601, 206, 381),
(5602, 206, 383),
(5603, 206, 385),
(5604, 206, 387),
(5605, 206, 389),
(5606, 206, 391),
(5607, 206, 393),
(5608, 206, 395),
(5609, 206, 397),
(5610, 206, 399),
(5611, 206, 401),
(5612, 206, 403),
(5613, 206, 405),
(5614, 206, 407),
(5615, 206, 409),
(5616, 206, 411),
(5617, 206, 413),
(5618, 206, 415),
(5619, 206, 417),
(5620, 206, 419),
(5621, 206, 421),
(5622, 206, 423),
(5623, 206, 425),
(5624, 206, 427),
(5625, 206, 429),
(5626, 206, 431),
(5627, 206, 433),
(5628, 206, 435),
(5629, 206, 437),
(5630, 206, 439),
(5631, 206, 441),
(5632, 206, 443),
(5633, 206, 445),
(5634, 206, 447),
(5635, 206, 449),
(5636, 206, 451),
(5637, 206, 453),
(5638, 206, 455),
(5639, 206, 457),
(5640, 206, 459),
(5641, 206, 461),
(5642, 206, 463),
(5643, 206, 465),
(5644, 206, 467),
(5645, 206, 469),
(5646, 206, 471),
(5647, 206, 473),
(5648, 206, 475),
(5649, 206, 477),
(5650, 206, 479),
(5651, 207, 381),
(5652, 207, 383),
(5653, 207, 385),
(5654, 207, 387),
(5655, 207, 389),
(5656, 207, 391),
(5657, 207, 393),
(5658, 207, 395),
(5659, 207, 397),
(5660, 207, 399),
(5661, 207, 401),
(5662, 207, 403),
(5663, 207, 405),
(5664, 207, 407),
(5665, 207, 409),
(5666, 207, 411),
(5667, 207, 413),
(5668, 207, 415),
(5669, 207, 417),
(5670, 207, 419),
(5671, 207, 421),
(5672, 207, 423),
(5673, 207, 425),
(5674, 207, 427),
(5675, 207, 429),
(5676, 207, 431),
(5677, 207, 433),
(5678, 207, 435),
(5679, 207, 437),
(5680, 207, 439),
(5681, 207, 441),
(5682, 207, 443),
(5683, 207, 445),
(5684, 207, 447),
(5685, 207, 449),
(5686, 207, 451),
(5687, 207, 453),
(5688, 207, 455),
(5689, 207, 457),
(5690, 207, 459),
(5691, 207, 461),
(5692, 207, 463),
(5693, 207, 465),
(5694, 207, 467),
(5695, 207, 469),
(5696, 207, 471),
(5697, 207, 473),
(5698, 207, 475),
(5699, 207, 477),
(5700, 207, 479),
(5701, 304, 381),
(5702, 304, 383),
(5703, 304, 385),
(5704, 304, 387),
(5705, 304, 389),
(5706, 304, 391),
(5707, 304, 393),
(5708, 304, 395),
(5709, 304, 397),
(5710, 304, 399),
(5711, 304, 401),
(5712, 304, 403),
(5713, 304, 405),
(5714, 304, 407),
(5715, 304, 409),
(5716, 304, 411),
(5717, 304, 413),
(5718, 304, 415),
(5719, 304, 417),
(5720, 304, 419),
(5721, 304, 421),
(5722, 304, 423),
(5723, 304, 425),
(5724, 304, 427),
(5725, 304, 429),
(5726, 304, 431),
(5727, 304, 433),
(5728, 304, 435),
(5729, 304, 437),
(5730, 304, 439),
(5731, 304, 441),
(5732, 304, 443),
(5733, 304, 445),
(5734, 304, 447),
(5735, 304, 449),
(5736, 304, 451),
(5737, 304, 453),
(5738, 304, 455),
(5739, 304, 457),
(5740, 304, 459),
(5741, 304, 461),
(5742, 304, 463),
(5743, 304, 465),
(5744, 304, 467),
(5745, 304, 469),
(5746, 304, 471),
(5747, 304, 473),
(5748, 304, 475),
(5749, 304, 477),
(5750, 304, 479),
(5751, 305, 381),
(5752, 305, 383),
(5753, 305, 385),
(5754, 305, 387),
(5755, 305, 389),
(5756, 305, 391),
(5757, 305, 393),
(5758, 305, 395),
(5759, 305, 397),
(5760, 305, 399),
(5761, 305, 401),
(5762, 305, 403),
(5763, 305, 405),
(5764, 305, 407),
(5765, 305, 409),
(5766, 305, 411),
(5767, 305, 413),
(5768, 305, 415),
(5769, 305, 417),
(5770, 305, 419),
(5771, 305, 421),
(5772, 305, 423),
(5773, 305, 425),
(5774, 305, 427),
(5775, 305, 429),
(5776, 305, 431),
(5777, 305, 433),
(5778, 305, 435),
(5779, 305, 437),
(5780, 305, 439),
(5781, 305, 441),
(5782, 305, 443),
(5783, 305, 445),
(5784, 305, 447),
(5785, 305, 449),
(5786, 305, 451),
(5787, 305, 453),
(5788, 305, 455),
(5789, 305, 457),
(5790, 305, 459),
(5791, 305, 461),
(5792, 305, 463),
(5793, 305, 465),
(5794, 305, 467),
(5795, 305, 469),
(5796, 305, 471),
(5797, 305, 473),
(5798, 305, 475),
(5799, 305, 477),
(5800, 305, 479),
(5801, 306, 381),
(5802, 306, 383),
(5803, 306, 385),
(5804, 306, 387),
(5805, 306, 389),
(5806, 306, 391),
(5807, 306, 393),
(5808, 306, 395),
(5809, 306, 397),
(5810, 306, 399),
(5811, 306, 401),
(5812, 306, 403),
(5813, 306, 405),
(5814, 306, 407),
(5815, 306, 409),
(5816, 306, 411),
(5817, 306, 413),
(5818, 306, 415),
(5819, 306, 417),
(5820, 306, 419),
(5821, 306, 421),
(5822, 306, 423),
(5823, 306, 425),
(5824, 306, 427),
(5825, 306, 429),
(5826, 306, 431),
(5827, 306, 433),
(5828, 306, 435),
(5829, 306, 437),
(5830, 306, 439),
(5831, 306, 441),
(5832, 306, 443),
(5833, 306, 445),
(5834, 306, 447),
(5835, 306, 449),
(5836, 306, 451),
(5837, 306, 453),
(5838, 306, 455),
(5839, 306, 457),
(5840, 306, 459),
(5841, 306, 461),
(5842, 306, 463),
(5843, 306, 465),
(5844, 306, 467),
(5845, 306, 469),
(5846, 306, 471),
(5847, 306, 473),
(5848, 306, 475),
(5849, 306, 477),
(5850, 306, 479),
(5851, 325, 381),
(5852, 325, 383),
(5853, 325, 385),
(5854, 325, 387),
(5855, 325, 389),
(5856, 325, 391),
(5857, 325, 393),
(5858, 325, 395),
(5859, 325, 397),
(5860, 325, 399),
(5861, 325, 401),
(5862, 325, 403),
(5863, 325, 405),
(5864, 325, 407),
(5865, 325, 409),
(5866, 325, 411),
(5867, 325, 413),
(5868, 325, 415),
(5869, 325, 417),
(5870, 325, 419),
(5871, 325, 421),
(5872, 325, 423),
(5873, 325, 425),
(5874, 325, 427),
(5875, 325, 429),
(5876, 325, 431),
(5877, 325, 433),
(5878, 325, 435),
(5879, 325, 437),
(5880, 325, 439),
(5881, 325, 441),
(5882, 325, 443),
(5883, 325, 445),
(5884, 325, 447),
(5885, 325, 449),
(5886, 325, 451),
(5887, 325, 453),
(5888, 325, 455),
(5889, 325, 457),
(5890, 325, 459),
(5891, 325, 461),
(5892, 325, 463),
(5893, 325, 465),
(5894, 325, 467),
(5895, 325, 469),
(5896, 325, 471),
(5897, 325, 473),
(5898, 325, 475),
(5899, 325, 477),
(5900, 325, 479),
(5901, 326, 381),
(5902, 326, 383),
(5903, 326, 385),
(5904, 326, 387),
(5905, 326, 389),
(5906, 326, 391),
(5907, 326, 393),
(5908, 326, 395),
(5909, 326, 397),
(5910, 326, 399),
(5911, 326, 401),
(5912, 326, 403),
(5913, 326, 405),
(5914, 326, 407),
(5915, 326, 409),
(5916, 326, 411),
(5917, 326, 413),
(5918, 326, 415),
(5919, 326, 417),
(5920, 326, 419),
(5921, 326, 421),
(5922, 326, 423),
(5923, 326, 425),
(5924, 326, 427),
(5925, 326, 429),
(5926, 326, 431),
(5927, 326, 433),
(5928, 326, 435),
(5929, 326, 437),
(5930, 326, 439),
(5931, 326, 441),
(5932, 326, 443),
(5933, 326, 445),
(5934, 326, 447),
(5935, 326, 449),
(5936, 326, 451),
(5937, 326, 453),
(5938, 326, 455),
(5939, 326, 457),
(5940, 326, 459),
(5941, 326, 461),
(5942, 326, 463),
(5943, 326, 465),
(5944, 326, 467),
(5945, 326, 469),
(5946, 326, 471),
(5947, 326, 473),
(5948, 326, 475),
(5949, 326, 477),
(5950, 326, 479),
(5951, 327, 381),
(5952, 327, 383),
(5953, 327, 385),
(5954, 327, 387),
(5955, 327, 389),
(5956, 327, 391),
(5957, 327, 393),
(5958, 327, 395),
(5959, 327, 397),
(5960, 327, 399),
(5961, 327, 401),
(5962, 327, 403),
(5963, 327, 405),
(5964, 327, 407),
(5965, 327, 409),
(5966, 327, 411),
(5967, 327, 413),
(5968, 327, 415),
(5969, 327, 417),
(5970, 327, 419),
(5971, 327, 421),
(5972, 327, 423),
(5973, 327, 425),
(5974, 327, 427),
(5975, 327, 429),
(5976, 327, 431),
(5977, 327, 433),
(5978, 327, 435),
(5979, 327, 437),
(5980, 327, 439),
(5981, 327, 441),
(5982, 327, 443),
(5983, 327, 445),
(5984, 327, 447),
(5985, 327, 449),
(5986, 327, 451),
(5987, 327, 453),
(5988, 327, 455),
(5989, 327, 457),
(5990, 327, 459),
(5991, 327, 461),
(5992, 327, 463),
(5993, 327, 465),
(5994, 327, 467),
(5995, 327, 469),
(5996, 327, 471),
(5997, 327, 473),
(5998, 327, 475),
(5999, 327, 477),
(6000, 327, 479),
(6001, 355, 381),
(6002, 355, 383),
(6003, 355, 385),
(6004, 355, 387),
(6005, 355, 389),
(6006, 355, 391),
(6007, 355, 393),
(6008, 355, 395),
(6009, 355, 397),
(6010, 355, 399),
(6011, 355, 401),
(6012, 355, 403),
(6013, 355, 405),
(6014, 355, 407),
(6015, 355, 409),
(6016, 355, 411),
(6017, 355, 413),
(6018, 355, 415),
(6019, 355, 417),
(6020, 355, 419),
(6021, 355, 421),
(6022, 355, 423),
(6023, 355, 425),
(6024, 355, 427),
(6025, 355, 429),
(6026, 355, 431),
(6027, 355, 433),
(6028, 355, 435),
(6029, 355, 437),
(6030, 355, 439),
(6031, 355, 441),
(6032, 355, 443),
(6033, 355, 445),
(6034, 355, 447),
(6035, 355, 449),
(6036, 355, 451),
(6037, 355, 453),
(6038, 355, 455),
(6039, 355, 457),
(6040, 355, 459),
(6041, 355, 461),
(6042, 355, 463),
(6043, 355, 465),
(6044, 355, 467),
(6045, 355, 469),
(6046, 355, 471),
(6047, 355, 473),
(6048, 355, 475),
(6049, 355, 477),
(6050, 355, 479),
(6051, 356, 381),
(6052, 356, 383),
(6053, 356, 385),
(6054, 356, 387),
(6055, 356, 389),
(6056, 356, 391),
(6057, 356, 393),
(6058, 356, 395),
(6059, 356, 397),
(6060, 356, 399),
(6061, 356, 401),
(6062, 356, 403),
(6063, 356, 405),
(6064, 356, 407),
(6065, 356, 409),
(6066, 356, 411),
(6067, 356, 413),
(6068, 356, 415),
(6069, 356, 417),
(6070, 356, 419),
(6071, 356, 421),
(6072, 356, 423),
(6073, 356, 425),
(6074, 356, 427),
(6075, 356, 429),
(6076, 356, 431),
(6077, 356, 433),
(6078, 356, 435),
(6079, 356, 437),
(6080, 356, 439),
(6081, 356, 441),
(6082, 356, 443),
(6083, 356, 445),
(6084, 356, 447),
(6085, 356, 449),
(6086, 356, 451),
(6087, 356, 453),
(6088, 356, 455),
(6089, 356, 457),
(6090, 356, 459),
(6091, 356, 461),
(6092, 356, 463),
(6093, 356, 465),
(6094, 356, 467),
(6095, 356, 469),
(6096, 356, 471),
(6097, 356, 473),
(6098, 356, 475),
(6099, 356, 477),
(6100, 356, 479),
(6101, 357, 381),
(6102, 357, 383),
(6103, 357, 385),
(6104, 357, 387),
(6105, 357, 389),
(6106, 357, 391),
(6107, 357, 393),
(6108, 357, 395),
(6109, 357, 397),
(6110, 357, 399),
(6111, 357, 401),
(6112, 357, 403),
(6113, 357, 405),
(6114, 357, 407),
(6115, 357, 409),
(6116, 357, 411),
(6117, 357, 413),
(6118, 357, 415),
(6119, 357, 417),
(6120, 357, 419),
(6121, 357, 421),
(6122, 357, 423),
(6123, 357, 425),
(6124, 357, 427),
(6125, 357, 429),
(6126, 357, 431),
(6127, 357, 433),
(6128, 357, 435),
(6129, 357, 437),
(6130, 357, 439),
(6131, 357, 441),
(6132, 357, 443),
(6133, 357, 445),
(6134, 357, 447),
(6135, 357, 449),
(6136, 357, 451),
(6137, 357, 453),
(6138, 357, 455),
(6139, 357, 457),
(6140, 357, 459),
(6141, 357, 461),
(6142, 357, 463),
(6143, 357, 465),
(6144, 357, 467),
(6145, 357, 469),
(6146, 357, 471),
(6147, 357, 473),
(6148, 357, 475),
(6149, 357, 477),
(6150, 357, 479),
(6151, 376, 381),
(6152, 376, 383),
(6153, 376, 385),
(6154, 376, 387),
(6155, 376, 389),
(6156, 376, 391),
(6157, 376, 393),
(6158, 376, 395),
(6159, 376, 397),
(6160, 376, 399),
(6161, 376, 401),
(6162, 376, 403),
(6163, 376, 405),
(6164, 376, 407),
(6165, 376, 409),
(6166, 376, 411),
(6167, 376, 413),
(6168, 376, 415),
(6169, 376, 417),
(6170, 376, 419),
(6171, 376, 421),
(6172, 376, 423),
(6173, 376, 425),
(6174, 376, 427),
(6175, 376, 429),
(6176, 376, 431),
(6177, 376, 433),
(6178, 376, 435),
(6179, 376, 437),
(6180, 376, 439),
(6181, 376, 441),
(6182, 376, 443),
(6183, 376, 445),
(6184, 376, 447),
(6185, 376, 449),
(6186, 376, 451),
(6187, 376, 453),
(6188, 376, 455),
(6189, 376, 457),
(6190, 376, 459),
(6191, 376, 461),
(6192, 376, 463),
(6193, 376, 465),
(6194, 376, 467),
(6195, 376, 469),
(6196, 376, 471),
(6197, 376, 473),
(6198, 376, 475),
(6199, 376, 477),
(6200, 376, 479),
(6201, 377, 381),
(6202, 377, 383),
(6203, 377, 385),
(6204, 377, 387),
(6205, 377, 389),
(6206, 377, 391),
(6207, 377, 393),
(6208, 377, 395),
(6209, 377, 397),
(6210, 377, 399),
(6211, 377, 401),
(6212, 377, 403),
(6213, 377, 405),
(6214, 377, 407),
(6215, 377, 409),
(6216, 377, 411),
(6217, 377, 413),
(6218, 377, 415),
(6219, 377, 417),
(6220, 377, 419),
(6221, 377, 421),
(6222, 377, 423),
(6223, 377, 425),
(6224, 377, 427),
(6225, 377, 429),
(6226, 377, 431),
(6227, 377, 433),
(6228, 377, 435),
(6229, 377, 437),
(6230, 377, 439),
(6231, 377, 441),
(6232, 377, 443),
(6233, 377, 445),
(6234, 377, 447),
(6235, 377, 449),
(6236, 377, 451),
(6237, 377, 453),
(6238, 377, 455),
(6239, 377, 457),
(6240, 377, 459),
(6241, 377, 461),
(6242, 377, 463),
(6243, 377, 465),
(6244, 377, 467),
(6245, 377, 469),
(6246, 377, 471),
(6247, 377, 473),
(6248, 377, 475),
(6249, 377, 477),
(6250, 377, 479),
(6251, 378, 381),
(6252, 378, 383),
(6253, 378, 385),
(6254, 378, 387),
(6255, 378, 389),
(6256, 378, 391),
(6257, 378, 393),
(6258, 378, 395),
(6259, 378, 397),
(6260, 378, 399),
(6261, 378, 401),
(6262, 378, 403),
(6263, 378, 405),
(6264, 378, 407),
(6265, 378, 409),
(6266, 378, 411),
(6267, 378, 413),
(6268, 378, 415),
(6269, 378, 417),
(6270, 378, 419),
(6271, 378, 421),
(6272, 378, 423),
(6273, 378, 425),
(6274, 378, 427),
(6275, 378, 429),
(6276, 378, 431),
(6277, 378, 433),
(6278, 378, 435),
(6279, 378, 437),
(6280, 378, 439),
(6281, 378, 441),
(6282, 378, 443),
(6283, 378, 445),
(6284, 378, 447),
(6285, 378, 449),
(6286, 378, 451),
(6287, 378, 453),
(6288, 378, 455),
(6289, 378, 457),
(6290, 378, 459),
(6291, 378, 461),
(6292, 378, 463),
(6293, 378, 465),
(6294, 378, 467),
(6295, 378, 469),
(6296, 378, 471),
(6297, 378, 473),
(6298, 378, 475),
(6299, 378, 477),
(6300, 378, 479);

-- --------------------------------------------------------

--
-- Table structure for table `cl4ss_subject`
--

CREATE TABLE `cl4ss_subject` (
  `id` int(10) NOT NULL,
  `cl4ss_id` int(10) UNSIGNED NOT NULL,
  `subject_id` int(10) UNSIGNED NOT NULL
) ENGINE=InnoDB DEFAULT CHARSET=utf8;

-- --------------------------------------------------------

--
-- Table structure for table `cl4ss_types`
--

CREATE TABLE `cl4ss_types` (
  `id` int(10) UNSIGNED NOT NULL,
  `cl4ss_type_name` varchar(50) NOT NULL
) ENGINE=InnoDB DEFAULT CHARSET=utf8;

--
-- Dumping data for table `cl4ss_types`
--

INSERT INTO `cl4ss_types` (`id`, `cl4ss_type_name`) VALUES
(1, 'A'),
(2, 'B'),
(3, 'C');

-- --------------------------------------------------------

--
-- Table structure for table `grades`
--

CREATE TABLE `grades` (
  `id` int(10) UNSIGNED NOT NULL,
  `grade_name` varchar(45) NOT NULL
) ENGINE=InnoDB DEFAULT CHARSET=utf8;

--
-- Dumping data for table `grades`
--

INSERT INTO `grades` (`id`, `grade_name`) VALUES
(5, '6'),
(6, '7'),
(7, '8'),
(8, '9'),
(9, '10'),
(10, '11'),
(11, '12');

-- --------------------------------------------------------

--
-- Table structure for table `marks`
--

CREATE TABLE `marks` (
  `id` int(10) UNSIGNED NOT NULL,
  `mark_point` float UNSIGNED NOT NULL,
  `mark_type_id` int(10) UNSIGNED NOT NULL,
  `subject_id` int(10) UNSIGNED NOT NULL,
  `teacher_id` int(10) UNSIGNED NOT NULL,
  `student_id` int(10) UNSIGNED NOT NULL,
  `cl4ss_id` int(10) UNSIGNED NOT NULL
) ENGINE=InnoDB DEFAULT CHARSET=utf8;

-- --------------------------------------------------------

--
-- Table structure for table `mark_types`
--

CREATE TABLE `mark_types` (
  `id` int(10) UNSIGNED NOT NULL,
  `mark_type_multiple` float NOT NULL,
  `mark_type_name` varchar(45) NOT NULL
) ENGINE=InnoDB DEFAULT CHARSET=utf8;

--
-- Dumping data for table `mark_types`
--

INSERT INTO `mark_types` (`id`, `mark_type_multiple`, `mark_type_name`) VALUES
(2, 10, 'Kim tra ming'),
(3, 20, 'Kim tra 15 pht'),
(4, 20, 'Kim tra 1 tit'),
(5, 50, 'Kim tra cui k');

-- --------------------------------------------------------

--
-- Table structure for table `migrations`
--

CREATE TABLE `migrations` (
  `migration` varchar(255) COLLATE utf8_unicode_ci NOT NULL,
  `batch` int(11) NOT NULL
) ENGINE=InnoDB DEFAULT CHARSET=utf8 COLLATE=utf8_unicode_ci;

-- --------------------------------------------------------

--
-- Table structure for table `parent_student`
--

CREATE TABLE `parent_student` (
  `id` int(11) NOT NULL,
  `parent_id` int(10) UNSIGNED NOT NULL,
  `student_id` int(10) UNSIGNED NOT NULL
) ENGINE=InnoDB DEFAULT CHARSET=utf8;

--
-- Dumping data for table `parent_student`
--

INSERT INTO `parent_student` (`id`, `parent_id`, `student_id`) VALUES
(51, 182, 181),
(52, 184, 183),
(53, 186, 185),
(54, 188, 187),
(55, 190, 189),
(56, 192, 191),
(57, 194, 193),
(58, 196, 195),
(59, 198, 197),
(60, 200, 199),
(61, 202, 201),
(62, 204, 203),
(63, 206, 205),
(64, 208, 207),
(65, 210, 209),
(66, 212, 211),
(67, 214, 213),
(68, 216, 215),
(69, 218, 217),
(70, 220, 219),
(71, 222, 221),
(72, 224, 223),
(73, 226, 225),
(74, 228, 227),
(75, 230, 229),
(76, 232, 231),
(77, 234, 233),
(78, 236, 235),
(79, 238, 237),
(80, 240, 239),
(81, 242, 241),
(82, 244, 243),
(83, 246, 245),
(84, 248, 247),
(85, 250, 249),
(86, 252, 251),
(87, 254, 253),
(88, 256, 255),
(89, 258, 257),
(90, 260, 259),
(91, 262, 261),
(92, 264, 263),
(93, 266, 265),
(94, 268, 267),
(95, 270, 269),
(96, 272, 271),
(97, 274, 273),
(98, 276, 275),
(99, 278, 277),
(100, 280, 279),
(101, 282, 281),
(102, 284, 283),
(103, 286, 285),
(104, 288, 287),
(105, 290, 289),
(106, 292, 291),
(107, 294, 293),
(108, 296, 295),
(109, 298, 297),
(110, 300, 299),
(111, 302, 301),
(112, 304, 303),
(113, 306, 305),
(114, 308, 307),
(115, 310, 309),
(116, 312, 311),
(117, 314, 313),
(118, 316, 315),
(119, 318, 317),
(120, 320, 319),
(121, 322, 321),
(122, 324, 323),
(123, 326, 325),
(124, 328, 327),
(125, 330, 329),
(126, 332, 331),
(127, 334, 333),
(128, 336, 335),
(129, 338, 337),
(130, 340, 339),
(131, 342, 341),
(132, 344, 343),
(133, 346, 345),
(134, 348, 347),
(135, 350, 349),
(136, 352, 351),
(137, 354, 353),
(138, 356, 355),
(139, 358, 357),
(140, 360, 359),
(141, 362, 361),
(142, 364, 363),
(143, 366, 365),
(144, 368, 367),
(145, 370, 369),
(146, 372, 371),
(147, 374, 373),
(148, 376, 375),
(149, 378, 377),
(150, 380, 379),
(151, 382, 381),
(152, 384, 383),
(153, 386, 385),
(154, 388, 387),
(155, 390, 389),
(156, 392, 391),
(157, 394, 393),
(158, 396, 395),
(159, 398, 397),
(160, 400, 399),
(161, 402, 401),
(162, 404, 403),
(163, 406, 405),
(164, 408, 407),
(165, 410, 409),
(166, 412, 411),
(167, 414, 413),
(168, 416, 415),
(169, 418, 417),
(170, 420, 419),
(171, 422, 421),
(172, 424, 423),
(173, 426, 425),
(174, 428, 427),
(175, 430, 429),
(176, 432, 431),
(177, 434, 433),
(178, 436, 435),
(179, 438, 437),
(180, 440, 439),
(181, 442, 441),
(182, 444, 443),
(183, 446, 445),
(184, 448, 447),
(185, 450, 449),
(186, 452, 451),
(187, 454, 453),
(188, 456, 455),
(189, 458, 457),
(190, 460, 459),
(191, 462, 461),
(192, 464, 463),
(193, 466, 465),
(194, 468, 467),
(195, 470, 469),
(196, 472, 471),
(197, 474, 473),
(198, 476, 475),
(199, 478, 477),
(200, 480, 479);

-- --------------------------------------------------------

--
-- Table structure for table `permissions`
--

CREATE TABLE `permissions` (
  `id` int(10) UNSIGNED NOT NULL,
  `permission_title` varchar(45) NOT NULL
) ENGINE=InnoDB DEFAULT CHARSET=utf8;

-- --------------------------------------------------------

--
-- Table structure for table `permission_role`
--

CREATE TABLE `permission_role` (
  `permission_id` int(10) UNSIGNED NOT NULL,
  `role_id` int(10) UNSIGNED NOT NULL
) ENGINE=InnoDB DEFAULT CHARSET=utf8;

-- --------------------------------------------------------

--
-- Table structure for table `roles`
--

CREATE TABLE `roles` (
  `id` int(10) UNSIGNED NOT NULL,
  `role_title` varchar(45) NOT NULL
) ENGINE=InnoDB DEFAULT CHARSET=utf8;

--
-- Dumping data for table `roles`
--

INSERT INTO `roles` (`id`, `role_title`) VALUES
(1, 'Hc sinh'),
(2, 'Ph huynh'),
(3, 'Gio vin'),
(4, 'Hiu trng');

-- --------------------------------------------------------

--
-- Table structure for table `scholastics`
--

CREATE TABLE `scholastics` (
  `id` int(10) UNSIGNED NOT NULL,
  `scholastic_from` year(4) DEFAULT NULL,
  `scholastic_to` year(4) DEFAULT NULL
) ENGINE=InnoDB DEFAULT CHARSET=utf8;

--
-- Dumping data for table `scholastics`
--

INSERT INTO `scholastics` (`id`, `scholastic_from`, `scholastic_to`) VALUES
(16, 2008, 2009),
(17, 2009, 2010),
(18, 2010, 2011),
(19, 2012, 2013),
(20, 2013, 2014),
(21, 2015, 2016),
(22, 2016, 2017),
(23, 2011, 2012),
(24, 2014, 2015);

-- --------------------------------------------------------

--
-- Table structure for table `semesters`
--

CREATE TABLE `semesters` (
  `id` int(10) UNSIGNED NOT NULL,
  `semester_name` varchar(45) DEFAULT NULL
) ENGINE=InnoDB DEFAULT CHARSET=utf8;

--
-- Dumping data for table `semesters`
--

INSERT INTO `semesters` (`id`, `semester_name`) VALUES
(6, 'K I'),
(7, 'K II');

-- --------------------------------------------------------

--
-- Table structure for table `subjects`
--

CREATE TABLE `subjects` (
  `id` int(10) UNSIGNED NOT NULL,
  `subject_name` varchar(50) NOT NULL
) ENGINE=InnoDB DEFAULT CHARSET=utf8;

--
-- Dumping data for table `subjects`
--

INSERT INTO `subjects` (`id`, `subject_name`) VALUES
(1, 'Ton hc'),
(2, 'Vn hc'),
(3, 'Anh Vn'),
(4, 'a l'),
(5, 'Lch s'),
(6, 'Gio dc cng dn'),
(7, 'Vt l'),
(8, 'Ha hc'),
(9, 'Ting Anh'),
(10, 'Gio dc th cht'),
(11, 'Gio dc quc phng'),
(12, 'Sinh hc');

-- --------------------------------------------------------

--
-- Table structure for table `subject_user`
--

CREATE TABLE `subject_user` (
  `subject_id` int(10) UNSIGNED NOT NULL,
  `user_id` int(10) UNSIGNED NOT NULL
) ENGINE=InnoDB DEFAULT CHARSET=utf8;

--
-- Dumping data for table `subject_user`
--

INSERT INTO `subject_user` (`subject_id`, `user_id`) VALUES
(5, 141),
(4, 142),
(10, 142),
(6, 142),
(5, 143),
(2, 143),
(6, 144),
(9, 144),
(7, 145),
(11, 145),
(1, 145),
(2, 146),
(10, 146),
(8, 146),
(4, 147),
(2, 147),
(9, 147),
(10, 148),
(4, 148),
(7, 149),
(2, 150),
(5, 150),
(1, 150),
(3, 151),
(2, 151),
(12, 152),
(5, 153),
(10, 153),
(3, 154),
(8, 155),
(6, 155),
(1, 155),
(12, 156),
(10, 157),
(7, 157),
(3, 157),
(10, 158),
(10, 159),
(2, 159),
(6, 160),
(2, 160),
(11, 160),
(6, 161),
(12, 162),
(7, 162),
(8, 163),
(12, 163),
(11, 163),
(6, 164),
(2, 164),
(12, 165),
(12, 166),
(10, 166),
(6, 166),
(9, 167),
(5, 168),
(10, 168),
(4, 169),
(7, 170),
(9, 170),
(8, 171),
(6, 171),
(11, 171),
(9, 172),
(3, 172),
(3, 173),
(7, 174),
(9, 174),
(8, 175),
(6, 175),
(3, 175),
(8, 176),
(4, 177),
(2, 177),
(10, 178),
(5, 178),
(1, 179),
(4, 179),
(9, 180),
(7, 180);

-- --------------------------------------------------------

--
-- Table structure for table `users`
--

CREATE TABLE `users` (
  `id` int(10) UNSIGNED NOT NULL,
  `user_name` varchar(50) NOT NULL,
  `first_name` varchar(50) NOT NULL,
  `last_name` varchar(50) NOT NULL,
  `email` varchar(50) NOT NULL,
  `password` varchar(200) NOT NULL,
  `birthday` date NOT NULL,
  `role_id` int(10) UNSIGNED NOT NULL DEFAULT '1',
  `info` text NOT NULL,
  `remember_token` varchar(20) NOT NULL,
  `updated_at` datetime NOT NULL,
  `created_at` datetime NOT NULL
) ENGINE=InnoDB DEFAULT CHARSET=utf8;

--
-- Dumping data for table `users`
--

INSERT INTO `users` (`id`, `user_name`, `first_name`, `last_name`, `email`, `password`, `birthday`, `role_id`, `info`, `remember_token`, `updated_at`, `created_at`) VALUES
(141, 'du.binh', 'Ly', 'ng', 'jda@example.net', '$2y$10$9kOzlRDFk31jZfga2WUwvetuCPK6DQIowRUWBJz.jAEAMehtGusLy', '1976-10-02', 3, '3781, Thn Thu Hu, X B Li C, Huyn K Ly\nLai Chu', '', '2016-08-23 00:00:00', '2016-08-23 00:00:00'),
(142, 'dao.phuc', 'Loan', 'Tng', 'chau.manh@example.net', '$2y$10$X7wlr8OiR/ptRJxmFHaBy.buPXt834UyAi0mZ0DC5wGbw/Lnb1tHm', '1986-10-13', 3, '07 Ph Yn Hn Hng, Phng Liu, Qun Nghim Lim\nLong An', '', '2016-08-23 00:00:00', '2016-08-23 00:00:00'),
(143, 'nuong18', 'Nng', 'Vin', 'bui.xuan@example.org', '$2y$10$s0xOuU5ogmXl3IZ1zDZpuOdAgwRYPoYCxijG7objHE4fufgL4F03S', '1979-07-18', 3, '5938 Ph Ung Tr Xuyn, Phng Ngn, Qun n Sng\nng Thp', '', '2016-08-23 00:00:00', '2016-08-23 00:00:00'),
(144, 'binh58', 'Phc', 'Cao', 'ta.thanh@example.net', '$2y$10$5ru3D1W4RqU4msUr1G7eQOBZ801g00FIbHAoTkXmAV81SLcGGRunK', '2006-10-10', 3, '77 Ph Ngy, X 56, Huyn Khoa\nAn Giang', '', '2016-08-23 00:00:00', '2016-08-23 00:00:00'),
(145, 'hang72', 'Yn', 'Hng', 'loan.dan@example.org', '$2y$10$Li1q892m3NgFGQKoRDBkN.R4/7fFXVI3Wgs30QBV4neiB0OIrYo42', '1984-12-28', 3, '9864 Ph Ci, X Khu, Huyn Lim ip\nH Ch Minh', '', '2016-08-23 00:00:00', '2016-08-23 00:00:00'),
(146, 'vlo', 'ng', 'Khu', 'zduong@example.com', '$2y$10$e..FXWV/JatzZonCDEDU0.z0bDnchN3q./H6h4IE5e0ALIMSxGvoa', '2013-07-04', 3, '596 Ph Dao, X Quyn Phm, Qun Qu Danh\nTha Thin Hu', '', '2016-08-23 00:00:00', '2016-08-23 00:00:00'),
(147, 'tram.dong', 'Hong', 'B', 'phat71@example.com', '$2y$10$djKnvhK2qItqYD1dxaKwg.Q.sum5ezQ1IGN8YQJhmVicY6alKCBxG', '2000-01-06', 3, '931 Ph ng My Phc, Thn Chung Huy, Huyn 13\nH Ni', '', '2016-08-23 00:00:00', '2016-08-23 00:00:00'),
(148, 'thuy.an', 'Cng', 'Thi', 'diep.luu@example.org', '$2y$10$T96aD6/gwT3r7K0EtRpPweOeA0mcST.AwDABMxPdh6YiI7KZQ86M.', '1974-11-11', 3, '7 Ph L Tu Minh, X Uyn inh, Huyn Diu Trung\nH Ni', '', '2016-08-23 00:00:00', '2016-08-23 00:00:00'),
(149, 'cam.che', 'Lm', 'L', 'minh54@example.com', '$2y$10$mRIcIqkCIA630bkZ.5zwTugEsXRzhSK/bQkr5zTtLbQs.kRNcBLv6', '2000-09-11', 3, '0 Ph Phng M Trn, X Trang Nh, Huyn Hun Thoa\nBc Giang', '', '2016-08-23 00:00:00', '2016-08-23 00:00:00'),
(150, 'giang25', 'Lai', 'Vin', 'fdoan@example.com', '$2y$10$xhL2jud0KlMl.nbdjOuLTuWpPNoMQuNgI4lyQX76/EXyJHkm9KoaC', '2012-11-30', 3, '638 Ph Chng Triu Vnh, X Phng Bch Hon, Qun ng\nSn La', '', '2016-08-23 00:00:00', '2016-08-23 00:00:00'),
(151, 'hiep54', 'Trc', 'Tng', 'etrinh@example.net', '$2y$10$.CKxJFMUaLLE6S23Vs5cDe7nP9LH78WgRLp6c1vRrW/X1ykQAd6Mm', '2006-09-20', 3, '188 Ph Hn Lan Dip, X La, Huyn Ninh Nga\nCn Th', '', '2016-08-23 00:00:00', '2016-08-23 00:00:00'),
(152, 'bao46', 'Tr', 'Xa', 'edong@example.com', '$2y$10$jwjTbRDFWLXQ5CkqhHOVg.AyYril8qdZ2xelFbvqNfC0J2NnFaida', '1987-10-12', 3, '1 Ph Lng, Phng 5, Qun An\nHi Phng', '', '2016-08-23 00:00:00', '2016-08-23 00:00:00'),
(153, 'huong.khu', 'Hp', 'Thi', 'kinh.doan@example.com', '$2y$10$QjBwjTw3ezfh8XYLOCwhNergTffEnxEJMrbsSRTXmyz3jS9iCNUOq', '2015-12-17', 3, '38 Ph Ton, X 68, Huyn Mi Thi\nThi Bnh', '', '2016-08-23 00:00:00', '2016-08-23 00:00:00'),
(154, 'cuong32', 'c', 'Ph', 'quynh.khoa@example.net', '$2y$10$xSCvoGYGTdYmGUhiygfocu9pFQAwsEn02fAKYVQUan1csDkfWAKxW', '1973-12-12', 3, '7700 Ph ng Vn Trit, Phng Tu, Qun Qu\n Nng', '', '2016-08-23 00:00:00', '2016-08-23 00:00:00'),
(155, 'uong.my', 'Sm', 'Gi', 'yen.che@example.net', '$2y$10$GQtE/erB8ahwwyE8WBZA6O4S6KLaKEcuG7LE7ZCbVRsoG3dcRvwgy', '1986-07-04', 3, '704, Thn 94, X  Uyn Yn, Qun n\nQung Tr', '', '2016-08-23 00:00:00', '2016-08-23 00:00:00'),
(156, 'phu.can', 'Mn', 'Ca', 'ilai@example.org', '$2y$10$zx19h09lCEMxUCQfiL.7xu5J3ct/jh6NwTT5D7dAvxTVoIrQRd.bm', '1970-10-24', 3, '0, Thn 1, Phng H Ph, Huyn ng Cng Thoi\nk Nng', '', '2016-08-23 00:00:00', '2016-08-23 00:00:00'),
(157, 'han.tu', 'Qu', 'Thnh', 'ong.suong@example.com', '$2y$10$ArHEEaTK4DKppXWgDb1p4.GH9Br7kgSezBDJb2AvDiP37I/.bf9nu', '2011-01-14', 3, '95 Ph Khc Giang Du, X Hoi Hu, Huyn Trng Chng\nH Ni', '', '2016-08-23 00:00:00', '2016-08-23 00:00:00'),
(158, 'ctra', 'Sm', 'u', 'an.diep@example.org', '$2y$10$3EMNthm9WMZbISCQKnegr.Tnj0qmRU.0OuLvhnCKR.TaSWJHU7YTC', '1970-02-01', 3, '5638 Ph Phi, Phng Ngn m, Huyn 9\nHi Phng', '', '2016-08-23 00:00:00', '2016-08-23 00:00:00'),
(159, 'khoi13', 'Hn', 'Sn', 'duong.vong@example.net', '$2y$10$NkxJ8VSN.pmgigVu2KJL6OBdByrCNpsoPI6Er4C16sQyKChIcUIQ2', '1987-04-08', 3, '0 Ph Don, Phng u Bng Kit, Qun Thin Ninh\nKin Giang', '', '2016-08-23 00:00:00', '2016-08-23 00:00:00'),
(160, 'doan.dan', 'Phi', 'Liu', 'huu.mau@example.com', '$2y$10$3fJuGFYmPBxZIhzRpV86pe3qOOPmxdSqRI0iFb2A2jKR1sqpwlXju', '1978-03-03', 3, '99 Ph ng, p Hnh Trn, Qun Linh\nH Ni', '', '2016-08-23 00:00:00', '2016-08-23 00:00:00'),
(161, 'ninh.canh', 'An', 'L', 'ysu@example.com', '$2y$10$rmx2U745zfmSa.GIc8YyuODbKCV74OjdyrSfL4Yw0yEp/CNYpuPN.', '2005-12-27', 3, '38, Thn 5, Phng 76, Huyn Cng V\nBnh Thun', '', '2016-08-23 00:00:00', '2016-08-23 00:00:00'),
(162, 'tong.an', 'Nghim', 'Phm', 'quyet10@example.com', '$2y$10$6qTGhaqUX/jiNo0vzsMgk.diq1mH203jPjJEgaPfKRAYJDQjS1PBW', '1974-03-28', 3, '9991 Ph Qun An n, X H Kim, Huyn Trung Sinh\nThanh Ha', '', '2016-08-23 00:00:00', '2016-08-23 00:00:00'),
(163, 'phi.thach', 'Mn', 'V', 'tong.vu@example.net', '$2y$10$GQZ54dhAvGM4DoSMoXT4fO0x3ZtfPkUF2HT0uXgAaxpr.iJ7l2lR2', '1987-08-22', 3, '22 Ph Dip, X Chu Thch K, Qun 62\nH Ch Minh', '', '2016-08-23 00:00:00', '2016-08-23 00:00:00'),
(164, 'la.quang', 'Bc', 'Kim', 'nhan32@example.net', '$2y$10$wf742JZhQvQ0Ta5hppO1p.F8x8QLKgaUm3BPkUOXU/c3NYK64qN8u', '1974-08-18', 3, '745 Ph Khut V Khng, p Ch Du, Qun 6\nQung Ngi', '', '2016-08-23 00:00:00', '2016-08-23 00:00:00'),
(165, 'edoi', 'Ho', 'Phng', 'duy47@example.com', '$2y$10$6Xw69Ulb7pHaBWhegGdczu3UgqctnhPAD01ErGedFDHH0kixH3lby', '2008-01-09', 3, '5275, Thn Th Cng, X Hi Tu, Huyn Lc Ho\nTin Giang', '', '2016-08-23 00:00:00', '2016-08-23 00:00:00'),
(166, 'suong59', 'Dim', 'Thi', 'lo32@example.org', '$2y$10$yB/tmUytQDdVipC2n6Awy.eyS8Qi1RgsomBCNgjffNbaC1oinW99e', '1995-11-02', 3, '7 Ph Xa, X S Giao Bnh, Qun Nguyt Hunh\nSc Trng', '', '2016-08-23 00:00:00', '2016-08-23 00:00:00'),
(167, 'kim.diep', 'Ho', 'Liu', 'vy.su@example.org', '$2y$10$WZ267ieYhqyV9vbubNQOhuqjpwvxpVDb8Jxz1FeUYYDUAs8W6GA8q', '1974-09-27', 3, '09 Ph Lu Diu Kh, Thn Trc Hng, Qun Mai Qun\nThi Nguyn', '', '2016-08-23 00:00:00', '2016-08-23 00:00:00'),
(168, 'duong.khe', 'Xun', 'i', 'thuc.ca@example.com', '$2y$10$MXXbnD3H9ucDMtwby2.1vuL4T6e4F9TfzImc4y9cauPXc2oZSILTC', '2002-06-04', 3, '9640, Thn Dng Nhin Mi, Phng Hu L, Huyn n Uyn Nguyn\nNgh An', '', '2016-08-23 00:00:00', '2016-08-23 00:00:00'),
(169, 'etong', 'V', 'Chung', 'mcu@example.com', '$2y$10$I0U9cBqWHhjqhLIq3Z04GOm3zo2DGvcVlVtxy79qXKTwrW9LZ24GK', '1989-01-04', 3, '0166 Ph Tng, X 0, Qun Vu Thp\nH Ni', '', '2016-08-23 00:00:00', '2016-08-23 00:00:00'),
(170, 'trinh.mach', 'Hnh', 'L', 'tu.tram@example.net', '$2y$10$ITLBCHhPqEKchlNkS1BMzO.JOxt7BZ34grne8MVOPv77Ko8Pzb2W6', '1993-01-13', 3, '9422 Ph C, X 0, Qun 4\nC Mau', '', '2016-08-23 00:00:00', '2016-08-23 00:00:00'),
(171, 'cam.tu', 'Trng', 'ng', 'nguyen78@example.net', '$2y$10$X.JA/pdogeOVc8B4vgErh.feQ4o6JUbjOPffpX1e4TBF01gltAz9W', '1989-08-22', 3, '3, Thn Khi Knh, X Ngn Tuyt, Huyn Trnh An\nBc Liu', '', '2016-08-23 00:00:00', '2016-08-23 00:00:00'),
(172, 'viet61', 'Nghim', 'ng', 'thap.vinh@example.com', '$2y$10$DIQe91m.wRaDE7X2uN1Jlu8uv3dK0RwJXAWJNNPVy0FPpCeCkzID6', '1975-03-27', 3, '3 Ph Hn Chng Qun, Phng Trm Lm, Huyn 40\n Nng', '', '2016-08-23 00:00:00', '2016-08-23 00:00:00'),
(173, 'mi.yen', 'Hu', 'Cm', 'ty.nghia@example.net', '$2y$10$ACWK0Q3wHMKtfHTHQ1sWfO4R1BCYSPXLD0vRBRZFhUcG1tWMuKC26', '1989-08-14', 3, '7, p 0, Phng Ng, Qun Cung T t\nLai Chu', '', '2016-08-23 00:00:00', '2016-08-23 00:00:00'),
(174, 'znghi', 'Pht', 'T', 'trung62@example.org', '$2y$10$esoZEec7dGyooFhXWmJT5.KT6ffG1daETpSrZbSWZSsGs9DfAqVdu', '1991-10-16', 3, '9397, p Dao Tr, X Cn Thch Ng, Huyn Quch Giang\nLai Chu', '', '2016-08-23 00:00:00', '2016-08-23 00:00:00'),
(175, 'nlo', 'Khanh', 'Hoa', 'tue17@example.net', '$2y$10$EfYz1VZidw6uUfGrGDHrRetsXRZ6V9n6yXf8ZWGoFwymw8OmqodeG', '1994-02-13', 3, '3320, p Vnh ip, Thn Khng Thm, Qun Khut\nng Nai', '', '2016-08-23 00:00:00', '2016-08-23 00:00:00'),
(176, 'dan73', 'Hiu', 'Tng', 'kieu.thao@example.net', '$2y$10$1Hn4PiZmr9tHxL/TH650gepmToU7Ob/OjJH3yn28tbuqJzZoAYc2a', '1971-11-12', 3, '2727, Thn 8, p Bnh Khim, Qun C\nLm ng', '', '2016-08-23 00:00:00', '2016-08-23 00:00:00'),
(177, 'cong.vo', 'Bng', 'Li', 'pbinh@example.net', '$2y$10$uWXMDHR2mQSYXjHSRdB26.ld.tIP9B0WWgWuuHC2GAnv1Cg6116/.', '1992-11-03', 3, '1375, Thn Nh, X Siu, Huyn 8\nTy Ninh', '', '2016-08-23 00:00:00', '2016-08-23 00:00:00'),
(178, 'ukhuu', 'Triu', 'u', 'thuan03@example.net', '$2y$10$sxywwRLA.lO.sVPxUCWFXe6G/XW4bxwvWzH3vwPoMNQLDLHRBYqw.', '1984-04-14', 3, '088 Ph Nghim, Phng Sn Trng S, Qun Tng N\nBnh nh', '', '2016-08-23 00:00:00', '2016-08-23 00:00:00'),
(179, 'hoai03', 'Th', 'u', 'xla@example.net', '$2y$10$pf6Sl3XHGkHqAmOAZAjDqeTZ7B3e7CjCy.4s7PVnkKKfclWhxQFCi', '2001-07-29', 3, '15, p Hp, X Khnh Kim, Qun 61\nKhnh Ha', '', '2016-08-23 00:00:00', '2016-08-23 00:00:00'),
(180, 'truc20', 'Kiu', 'n', 'teacher@teacher.com', '$2y$10$Z6J32M5ZxehTXhB6DoVeZe4ZgUVVr9vq4wsVxsfUgc9NadgWcBj4m', '1990-03-12', 3, '9 Ph nh C Thi, X 49, Huyn Chiu Triu\n Nng', '', '2016-08-23 00:00:00', '2016-08-23 00:00:00'),
(181, 'mang.khe', 'Nhun', 'C', 'kieu.khieu@example.com', '$2y$10$FXa.kGHLC2dtboZGYuYBZOwV/rpeNJKyk5BNqzQpBKkU8k3L9JV9i', '1974-03-29', 1, '9 Ph Hng Kim Mi, X Phng Vi, Huyn u\nCao Bng', '', '2016-08-23 00:00:00', '2016-08-23 00:00:00'),
(182, 'hang.dan', 'Sn', 'Chu', 'huu.trinh@example.com', '$2y$10$obffeboXYb7kHBVvpedUlelajxCmQeVDOF5qca/zw/Y9DChZINq7K', '1982-06-25', 2, '4101, p Ha V, X 31, Qun Dng H H\nHng Yn', '', '2016-08-23 00:00:00', '2016-08-23 00:00:00'),
(183, 'xthap', 'Lc', 'Liu', 'han.phi@example.net', '$2y$10$GhPOF52aB5U29cK0WU7rE.4.nN.1LlKPv4.UfBXBnFB/9ox3La3v2', '1992-04-29', 1, '412, Thn Cng Phng, Phng Thi S Ty, Qun Ch Kiu\nBc Liu', '', '2016-08-23 00:00:00', '2016-08-23 00:00:00'),
(184, 'phuoc88', 'Bch', 'B', 'hoan.duong@example.net', '$2y$10$sBkDhhc9Ut0Nh0W1uKg4l.8alxnygNVtBifzrUBWiRyoBrL.Nf6XO', '1971-01-16', 2, '00 Ph Lm Hnh Thu, Phng Khai Xuyn, Qun An Du\nBc Kn', '', '2016-08-23 00:00:00', '2016-08-23 00:00:00'),
(185, 'phuong.dan', 'Vi', 'Qun', 'nha00@example.org', '$2y$10$ZWu2axPjjoyGrtuj.G6/XeeUNN0ixz2dPrpj4n3VwFzukn0KKMcIi', '2010-07-28', 1, '418, p Khoa n, Thn nh Phng, Qun Ngc\nng Thp', '', '2016-08-23 00:00:00', '2016-08-23 00:00:00'),
(186, 'dai97', 'Tr', 'Li', 'inguy@example.org', '$2y$10$Rtbhp2n9F5BDlsTGiV2yd.HaM3ORu4u74vUtsAF/e5Je0wYRwRDkq', '1972-03-02', 2, '38 Ph Khu Ninh Lin, X Bch , Huyn La Thng T\nLong An', '', '2016-08-23 00:00:00', '2016-08-23 00:00:00'),
(187, 'dinh.quynh', 'Li', 'm', 'gly@example.com', '$2y$10$Agzdr6A.h4zVhoZsm5CgNu3i1N6Dxcv5splX7Hn.qQSAFu0NShQEW', '2015-10-16', 1, '8530 Ph Cao Tin Vy, p Vinh Hnh, Qun 3\nSn La', '', '2016-08-23 00:00:00', '2016-08-23 00:00:00'),
(188, 'dong.khai', 'Nghip', 'Vin', 'truc70@example.org', '$2y$10$mcXdFsS/HIPv9.AlwoBUc.dSSvILZbMfeFnjvwfo5L8jh5Yc4hstu', '1990-05-31', 2, '23, Thn Thy, X Hng Tr Liu, Huyn 2\nThi Nguyn', '', '2016-08-23 00:00:00', '2016-08-23 00:00:00'),
(189, 'bbanh', 'Vng', 'Bc', 'hien84@example.com', '$2y$10$qDE8MpN1ODf.nkDXhYNwFuNHMR5xwWHn1IM8LhSkcL6G8jl8Xd/TG', '1975-11-06', 1, '48 Ph t, X V, Huyn Dim Ho\nCn Th', '', '2016-08-23 00:00:00', '2016-08-23 00:00:00'),
(190, 'atong', 'Ho', 'Hnh', 'di05@example.com', '$2y$10$sO9ugTlkiS1sdVS7svwBAugGM2fuYDUmD2LegKMdmZEq17t0lOHv6', '1994-01-27', 2, '11 Ph Hnh Thng Hon, Phng Dip Liu, Qun Xa\nH Ch Minh', '', '2016-08-23 00:00:00', '2016-08-23 00:00:00'),
(191, 'nhi.che', 'Dao', 'Nhm', 'le.lieu@example.net', '$2y$10$YTOEisy9o2on0mWJfpys0eScUvLcKx9iuSfHfiMrhKAh97YducGm.', '1990-04-05', 1, '9004 Ph T, Phng 4, Qun Nht D\nCn Th', '', '2016-08-23 00:00:00', '2016-08-23 00:00:00'),
(192, 'khuong.yen', 'Kin', 'Mn', 'tao.bich@example.com', '$2y$10$WNNGmzXwa5R261.2Pl/aT.cqBdQJGXfagNyxVOztdsOH4mFUb297a', '1984-04-08', 2, '4639 Ph Khut Phng c, Thn Tng Hnh, Huyn Cao Tuyn\nH Ni', '', '2016-08-23 00:00:00', '2016-08-23 00:00:00'),
(193, 'nhu64', 'Hng', 'Mc', 'hung.co@example.net', '$2y$10$mjAQ/9KssEyHCtX8SsqHyerNCT8NdVSMAAF4WUa9wC0t7x9KC4X6q', '1993-02-10', 1, '5899, p Xun C, Thn nh Bch, Qun Duyn V\nNinh Thun', '', '2016-08-23 00:00:00', '2016-08-23 00:00:00'),
(194, 'tam93', 'Qun', 'B', 'ty.giap@example.net', '$2y$10$LsdEnVzeB.HBpDH32PNx1Or0a57b42prOQ8NPAp6eqV1E7G/LEUzK', '2014-02-28', 2, '0749 Ph D, Phng Hy, Huyn Kha Dng\nQung Ngi', '', '2016-08-23 00:00:00', '2016-08-23 00:00:00'),
(195, 'vo.yen', 'Nguyt', 'o', 'hoan.lac@example.org', '$2y$10$FhbyJLi0fMR5adbzjU/L4u82G43ncGvQtUs9JxgNxYu1H9JOhIsea', '1987-03-02', 1, '045 Ph Khu Hn Chu, X 93, Huyn S Mn\nCn Th', '', '2016-08-23 00:00:00', '2016-08-23 00:00:00'),
(196, 'bach.ba', 'Nng', 'Trng', 'fchu@example.net', '$2y$10$e0iYJu2SHrYwent7hwjS4OWC5zCqoOac5hVKKqIRNW1DJTbfZwpn6', '2010-12-31', 2, '991 Ph Thiu Cc Ly, X Bng, Qun 8\nBnh Phc', '', '2016-08-23 00:00:00', '2016-08-23 00:00:00'),
(197, 'trung.lai', 'Khu', 'Bu', 'nhan.dai@example.com', '$2y$10$B7JtzMZihV9PCJFXPGTFWOjinFDxAjWibP7yplH3iIYLCV/JSewGq', '2011-11-04', 1, '0690 Ph Tiu Php Diu, Thn Hong M, Huyn Hiu n\nSc Trng', '', '2016-08-23 00:00:00', '2016-08-23 00:00:00'),
(198, 'tien43', 'Hon', 'L', 'thuc08@example.com', '$2y$10$g.D9DVoETstLxKH6lAOOD.v1ar/h6xf7dHBqLA3CSEL4OQrpDnt1a', '1984-12-31', 2, '0 Ph Vng, X Phong, Huyn Kim Chim\nTy Ninh', '', '2016-08-23 00:00:00', '2016-08-23 00:00:00'),
(199, 'qnguy', 'Tho', 'Don', 'bbac@example.org', '$2y$10$iYviuh5uYgnmpTN0YDuJheEO4cXuoUhP06Mw.F9hU856QBPA.WCjC', '2012-05-11', 1, '3 Ph ng Ha Ngn, Phng Tng Tho c, Qun Lut Trnh\nH Ch Minh', '', '2016-08-23 00:00:00', '2016-08-23 00:00:00'),
(200, 'dam.hao', 'K', 'Lc', 'cong.nghi@example.com', '$2y$10$GqHWVZHUKhjgkVwWlJF3gOrYUGjGYyHmz8eQlI47kn/MuNd/NHOou', '1972-12-22', 2, '68 Ph i, X Lm Khanh, Qun i Toi Minh\nBnh nh', '', '2016-08-23 00:00:00', '2016-08-23 00:00:00'),
(201, 'hong.tu', 'Huy', 'Vn', 'dlac@example.com', '$2y$10$lRa/7ZSVMLT.VPJo17jeo.pyU0Eyc1BiZ/j6Ov0Pa.F7U1Umr.FIS', '2002-10-29', 1, '57 Ph Li Thy nh, Phng Qun Lc, Qun Nhi L\nCn Th', '', '2016-08-23 00:00:00', '2016-08-23 00:00:00'),
(202, 'duyen.ma', 'Thun', 'Hy', 'ndo@example.org', '$2y$10$pJdmhaAI6lNISOvfnvzppu/.SXObTHh9gpAkoU52OeESQxp0KAJ92', '2011-10-06', 2, '8032 Ph Thiu Nhin Phc, Thn ng Ngn, Huyn Nhung\nH Ni', '', '2016-08-23 00:00:00', '2016-08-23 00:00:00'),
(203, 'hanh18', 'Thanh', 'D', 'anh.nghiem@example.org', '$2y$10$bB5FhfDnJtYRTGXhR7JHce8yTu27rL3VQTmAppvRD8Y0F12zNkeZG', '2003-08-17', 1, '678 Ph Trang Ngn Dn, Thn Hng Khnh, Qun T t\n Nng', '', '2016-08-23 00:00:00', '2016-08-23 00:00:00'),
(204, 'thoi.sinh', 'Tuyn', 'Ong', 'dinh.linh@example.org', '$2y$10$TBLRPBqsKNT.KVUMjzRfJu0lBI0YfbTZF3T6pCUGvK9UXAJrVy9Ge', '2004-01-13', 2, '25 Ph Ch, X H, Qun 44\nH Ch Minh', '', '2016-08-23 00:00:00', '2016-08-23 00:00:00'),
(205, 'xa.can', 'T', 'Bin', 'hoa86@example.org', '$2y$10$fvRpYR5xeUwYYMpYxjenreCVMOA.J4ZpLVTI.25nAv.XogsPyUDXy', '2002-11-22', 1, '11, Thn Nguyn, X 04, Huyn Chu\nQung Tr', '', '2016-08-23 00:00:00', '2016-08-23 00:00:00'),
(206, 'tra.dieu', 'Thc', 'Ct', 'vlo@example.com', '$2y$10$c0Vq4TZAcFBExe/yd.EpseuoKGi449HXtvRX32Tnv7dJe5yiijuT6', '1981-07-11', 2, '51 Ph Ph Nhn Tin, Thn L An, Qun Tng n Tr\nH Ch Minh', '', '2016-08-23 00:00:00', '2016-08-23 00:00:00'),
(207, 'strung', 'Long', 'S', 'xnong@example.net', '$2y$10$oiMxUWlhHQ.zCQZ3dPtE3O/Vw1ufSKyHxH3oxqiEtCkrpQnidYXP6', '2011-08-27', 1, '3683, p i Duyn Trng, X 11, Qun Bng Ha\nNinh Thun', '', '2016-08-23 00:00:00', '2016-08-23 00:00:00'),
(208, 'viet.cu', 'Lin', 'Nng', 'lac.lu@example.com', '$2y$10$8GYtQcQ8cRbV/ru3Zi0fNeGbVGjlre29/oQ.Dlihls2.1bb.h0wKW', '1974-04-09', 2, '5 Ph Cm Sa Tng, Thn L Hng, Huyn 0\nNam nh', '', '2016-08-23 00:00:00', '2016-08-23 00:00:00'),
(209, 'lam98', 'ip', 'Thiu', 'can.phuong@example.org', '$2y$10$9MYlhJ54F3sQFAB6q8bOa.RkWNr6YMb4uAJundMVLyLdWmyVIN7La', '2014-07-23', 1, '6919, Thn Trng Hin, Phng 9, Qun V Lun\nQung Tr', '', '2016-08-23 00:00:00', '2016-08-23 00:00:00'),
(210, 'uhang', 'Hng', 'H', 'rung@example.net', '$2y$10$wLUd7/NPP3jpI4rV7i/OdePrW5/tFzG.FoVIgaoHkTdsOTU0J0vDO', '1975-09-17', 2, '036 Ph Ng Hon Vng, Phng Hng, Qun Phi Thun Lc\nHi Phng', '', '2016-08-23 00:00:00', '2016-08-23 00:00:00'),
(211, 'vbui', 'K', 'Cao', 'banh.di@example.com', '$2y$10$9NkFOiWm0lfvlgIyH/T5g.t5YgTNGbEGEaWZE7/6jeMZd6Dk6FKpO', '1990-05-12', 1, '44 Ph Chu, X Lc, Huyn Cao Mai Dng\nH Ni', '', '2016-08-23 00:00:00', '2016-08-23 00:00:00'),
(212, 'khanh.binh', 'Dip', 'Bnh', 'thu86@example.com', '$2y$10$HRyCZT8dZBdN9UXO8PYn1uW0iP.pueo.vdC5TiBtN.XHeaV.kWtUy', '2009-07-29', 2, '4706 Ph Yn, X Linh Xuyn, Huyn La Sm\nH Ni', '', '2016-08-23 00:00:00', '2016-08-23 00:00:00'),
(213, 'my.than', 'Thun', 'Lc', 'han.cam@example.org', '$2y$10$vZkRF/DM6L09gI6GWmDbaO2FLi75AJjtEoDQl12Iw4huvuKSuB8ky', '1976-11-27', 1, '29, p Thin Thi, p Bch Cng, Qun Nhin Hoi\nHng Yn', '', '2016-08-23 00:00:00', '2016-08-23 00:00:00'),
(214, 'agiap', 'Ct', 'Hng', 'hiep18@example.com', '$2y$10$Q70GuD5Tpl75Dj3N5BOQLu4rfRBCYyTAocbXeWicfzv2bbN1MyAam', '2005-03-31', 2, '9, p Phng, p Thin Qu, Qun Th Huy\nng Nai', '', '2016-08-23 00:00:00', '2016-08-23 00:00:00'),
(215, 'tle', 'Phc', 'Mai', 'thoang@example.com', '$2y$10$XjAi85flmyzENpBXa0gnB.3QOYVOBAjZQn9UUrjMLnBUcCesyigVa', '1998-06-06', 1, '7021, Thn Trung, Phng 73, Qun 89\nThanh Ha', '', '2016-08-23 00:00:00', '2016-08-23 00:00:00'),
(216, 'jvan', 'Ngn', 'Mc', 'hy.cat@example.org', '$2y$10$EAUF3pysipiaQJ4Y8kV4YOXCCxFHTcdCvSgwuiI2CPr9eMUOwzJES', '1984-11-21', 2, '47, p Triu, Phng Thch, Huyn 18\nk Nng', '', '2016-08-23 00:00:00', '2016-08-23 00:00:00'),
(217, 'khoi64', 'Thi', 'B', 'gan@example.net', '$2y$10$.68ajtr.FcaTINCqPv3toeGZQFQli8ebNPDkp811xKt1vOt5wnfR6', '2005-10-10', 1, '667, Thn Mi n, Phng Tho L, Huyn Vin Trng\nQung Nam', '', '2016-08-23 00:00:00', '2016-08-23 00:00:00'),
(218, 'phuong27', 'H', 'Thp', 'thien.phuong@example.com', '$2y$10$U0S8vUbi1WdToKTPATO21O2YG4oXb2MBDJR5RUDiwyLpzepHorw1i', '1986-03-11', 2, '2188 Ph Sn Mai Tu, Phng 4, Qun Nng Sang\nH Ch Minh', '', '2016-08-23 00:00:00', '2016-08-23 00:00:00'),
(219, 'giang74', 'Ngn', 'Nghim', 'uy45@example.net', '$2y$10$U0oQ4NlrmFWy3VLHwoV6DuKX.OjhYSkd1VVoj5e9CsnGaAf3h6Pe2', '1980-01-10', 1, '19 Ph Nhn, Thn Khng Bnh, Huyn 65\nLm ng', '', '2016-08-23 00:00:00', '2016-08-23 00:00:00'),
(220, 'nghi.nu', 'Thi', 'Bu', 'ninh97@example.net', '$2y$10$1ErGges5MflzY2M.aLv/AOGgaGPmXTD2tT4xUoMSaU4McKVo9M/wu', '2015-07-16', 2, '479 Ph Nghim Tuyn Nam, Phng 29, Huyn Du Di\nYn Bi', '', '2016-08-23 00:00:00', '2016-08-23 00:00:00'),
(221, 'vy23', 'Ngc', 'Sn', 'diep.tran@example.org', '$2y$10$Pj0Cg2OArFYfPz6RubKre.Iy7bvq0ylkrj9DTg445RebzeEURcHHS', '2014-07-12', 1, '64, p Quch, Thn Bu Uy, Qun 0\nQung Bnh', '', '2016-08-23 00:00:00', '2016-08-23 00:00:00'),
(222, 'chau62', 'V', 'Giang', 'tang.huyen@example.net', '$2y$10$ji4FXpFfwCKuJlm4s5dPZeweekDlMgE/FTr5wTKNLCTDSMDai.AzW', '1979-12-04', 2, '1, Thn 0, Phng Lm L Long, Qun 13\nk Nng', '', '2016-08-23 00:00:00', '2016-08-23 00:00:00'),
(223, 'ky.nghiem', 'Lai', 'Ng', 'ngan.thien@example.com', '$2y$10$FlMDbj83KnwgbW32MExUlOACaIaawO1.y6w989qgkWyAudrKn0rmm', '1979-07-27', 1, '356 Ph ng, X Cam, Huyn Dung Hng\nCn Th', '', '2016-08-23 00:00:00', '2016-08-23 00:00:00'),
(224, 'dong.ong', 'Hng', 'B', 'khang11@example.net', '$2y$10$q2WVdMnK1OopHfgQVDAqAeOiug8UPBmp6UPxc6ejbTZ8PvxRp9vXe', '2008-04-19', 2, '7 Ph Lc, Phng t K, Huyn u ip\nCao Bng', '', '2016-08-23 00:00:00', '2016-08-23 00:00:00'),
(225, 'do.leu', 'Thanh', 'Khut', 'vu.mai@example.net', '$2y$10$GJ6t0Lihp/2zdQVhuKHFd.jS4mgLug3muPcKY4ZETatrahncOqLfa', '1994-09-09', 1, '8759 Ph V, p B c, Huyn Thoa Trn\nYn Bi', '', '2016-08-23 00:00:00', '2016-08-23 00:00:00'),
(226, 'gmach', 'Li', 'Chung', 'duy.banh@example.org', '$2y$10$blkF6qsbTNlsDnedRhsbpuLg7QEnr8elwbmDFVEEFZrwKCUW.Z2xq', '1996-10-30', 2, '4 Ph T, X Bng Nng, Huyn Tip Hp\nSc Trng', '', '2016-08-23 00:00:00', '2016-08-23 00:00:00'),
(227, 'ninh.ty', 'Trm', 'Chu', 'phuc.trinh@example.net', '$2y$10$/ytXKC4HagSR.mdiebKZj.uDtPvdVOLKvTRcpDZD3Rch1GbWKlsKq', '2000-12-27', 1, '320 Ph Kh, X Ty Khai Nng, Huyn Vy Trang\nTin Giang', '', '2016-08-23 00:00:00', '2016-08-23 00:00:00'),
(228, 'cu.kinh', 'Thc', 'Ci', 'thach.do@example.net', '$2y$10$6oVlGApOKbydKa.TacY6auCOvsZ53gD1Sdcl9CuKjuWErUpO4UIdy', '1984-01-11', 2, '9 Ph Nghim, Phng 28, Qun Ph Chiu Linh\nH Tnh', '', '2016-08-23 00:00:00', '2016-08-23 00:00:00'),
(229, 'gbe', 'Tu', 'Kim', 'dung.nguyen@example.net', '$2y$10$Ow9x5imbe2GeOL1xuaKE2u0.IggM2TUfyRTy4BM78tGe9jrNEipbW', '2009-03-11', 1, '6814 Ph Nh Th Lan, p Nhin Bch, Huyn Triu Khiu\nKon Tum', '', '2016-08-23 00:00:00', '2016-08-23 00:00:00'),
(230, 'jluc', 'Thy', 'Lng', 'ebao@example.org', '$2y$10$o24zuQt4duEAX4qNV/9GUO6xDt/Zk7lb4xrTcf7FXVKC2jmnpiiUO', '2012-02-12', 2, '01 Ph Phng Thnh Thc, Phng Khng, Huyn 34\nH Giang', '', '2016-08-23 00:00:00', '2016-08-23 00:00:00'),
(231, 'kieu.nghiem', 'N', 'B', 'nhan.nhiem@example.com', '$2y$10$mcOlnActocD8U7JVA8arEOvjVEl.A/0LHJyaXPwC/lh6vQh2zOGT6', '1999-01-11', 1, '05, Thn 26, Phng 8, Huyn 1\nBnh Dng', '', '2016-08-23 00:00:00', '2016-08-23 00:00:00'),
(232, 'ho.trung', 'i', 'L', 'suong.thai@example.org', '$2y$10$O7hoqPcFVnWu111v3Myv/eeKp.iAdcD08pRLAN2hUI8hJhZMrvNrm', '2000-06-15', 2, '0 Ph Thy, X 56, Huyn Hoa Xa\nCn Th', '', '2016-08-23 00:00:00', '2016-08-23 00:00:00'),
(233, 'lchau', 'Qunh', 'Ca', 'mnguyen@example.com', '$2y$10$XnPIqZSHfqRbTw1QjISCq.ahbprjBB16RSVx4sIjTEniabAy/sahK', '2011-04-20', 1, '01, p Bch Bo Vn, X T, Qun Trnh\nTy Ninh', '', '2016-08-23 00:00:00', '2016-08-23 00:00:00'),
(234, 'son.di', 'Yn', 'Mn', 'panh@example.net', '$2y$10$/ZAn97hmqGI5xCGTS/Bil.p8oT7nNN.CGHy0F8zV2c5fHqsTUFiXm', '1973-10-03', 2, '7, Thn H, p an Thy, Qun H\nBc Liu', '', '2016-08-23 00:00:00', '2016-08-23 00:00:00'),
(235, 'uma', 'Hin', 'T', 'ma.lam@example.com', '$2y$10$YrIEjugHkoKkfZPND6bPPOcvZ5SQUO1qh8DsphsKR4Jf9ceTHbYOa', '1994-04-22', 1, '8355, p Ma o, X Tn, Qun L Hng\nBc Kn', '', '2016-08-23 00:00:00', '2016-08-23 00:00:00'),
(236, 'quyet30', 'i', 'u', 'bmang@example.org', '$2y$10$8Mb7lNvVvxCDiq0wDQCdkOB1n83GzWGugZcNXiMKsArfyhkmjv/SS', '2005-09-03', 2, '954 Ph Trnh Hoa Phc, Thn Hn Thy, Huyn Tn Thanh\n Nng', '', '2016-08-23 00:00:00', '2016-08-23 00:00:00'),
(237, 'khang.yen', 'Dung', 'Tng', 'doan.moc@example.org', '$2y$10$4vbJ1pRVpcr5Bwv4a6MV1.rTa0/Nj6CT3oixqJ7uHNnOThgrpIwUC', '2004-07-10', 1, '586 Ph Ung, Phng Cng Phng, Huyn on Cn Nguyn\nH Ch Minh', '', '2016-08-23 00:00:00', '2016-08-23 00:00:00'),
(238, 'ldong', 'Trc', 'Ct', 'manh28@example.com', '$2y$10$T/EhoNEHR1xgTQnQFrj2Le4Mx7HrGe0MuimYNrxA/YPB/BGVC125W', '1972-10-17', 2, '0 Ph H Hng Vit, Phng Khuyn, Qun T Trinh\nin Bin', '', '2016-08-23 00:00:00', '2016-08-23 00:00:00'),
(239, 'pham.mien', 'K', 'Ch', 'dung45@example.com', '$2y$10$hTgxa9O9Und3zRZb3qNcYO7hV20kwS1MRXVdnTtkPSQDHwM8NtpC2', '1975-09-07', 1, '9252, p Hu Vit, Phng 1, Qun 5\nC Mau', '', '2016-08-23 00:00:00', '2016-08-23 00:00:00'),
(240, 'giao.tan', 'Hng', 'ng', 'vi74@example.net', '$2y$10$ugWl5dQm9MzVhv.uxVZ4Ku1RrRpXvwAaGQS8qoNzrIMgOv7L0mUPC', '2003-11-10', 2, '14 Ph La Du Hp, Phng Kim Kim, Qun D\nKhnh Ha', '', '2016-08-23 00:00:00', '2016-08-23 00:00:00'),
(241, 'bi.khai', 'Vn', 'H', 'trung.thach@example.org', '$2y$10$q6hfYvddzurUdFLH.vdVYu7Q5Vb0iyxFg4w/AJ8SCutafjw5LWatG', '2014-02-12', 1, '69 Ph Nguyn, Phng Ca, Qun 34\nLong An', '', '2016-08-23 00:00:00', '2016-08-23 00:00:00'),
(242, 'toan.thoi', 'Lp', 'Nhm', 'chung.my@example.com', '$2y$10$2LTsHK9CA5LGZPlh5z2Oa.uPoBsqKKhW5knNF0Y0HumOt5MUcNYdC', '2008-02-22', 2, '3 Ph Ha Hoi Ha, X Trng Danh, Qun Khnh\nKon Tum', '', '2016-08-23 00:00:00', '2016-08-23 00:00:00'),
(243, 'dao.than', 'Loan', 'Chu', 'nguyet.kim@example.org', '$2y$10$t8g5y1wm27uZWypQ9t635unefT.E7IAqWPGsXEmiXJvJ7EtA1NPd2', '2000-08-19', 1, '7, Thn Cam Triu Tuyn, Phng H, Huyn Nhm\nLai Chu', '', '2016-08-23 00:00:00', '2016-08-23 00:00:00'),
(244, 'bduong', 'Quyn', 'L', 'vuong.mien@example.org', '$2y$10$H6UaJR.jEjpNK38ynxBvj.MD/onP2clAL0dFrdsIJbWuSNIKWVOkG', '1973-05-19', 2, '07 Ph Phng Hng Vy, X B, Huyn 56\nHi Phng', '', '2016-08-23 00:00:00', '2016-08-23 00:00:00'),
(245, 'trinh.quang', 'Thun', 'Kim', 'tung37@example.com', '$2y$10$cURRpGZ0RnlEbExtEuBjcuMABhLE7GAxrmwp9lfMB51/pmteo06aS', '1975-05-18', 1, '6 Ph Hnh, p Nhun oan, Huyn Ma Hin\n Nng', '', '2016-08-23 00:00:00', '2016-08-23 00:00:00'),
(246, 'tma', 'Yn', 'i', 'tran74@example.net', '$2y$10$jgfuFwFrCtP4x7qGkDk8nOzR4GJcrfjRE.tjB5Uibjs7fayNltXua', '1985-06-14', 2, '391 Ph Ong Bng Hoa, X Khut, Huyn 24\nNam nh', '', '2016-08-23 00:00:00', '2016-08-23 00:00:00'),
(247, 'hong64', 'Di', 'Chung', 'uthao@example.org', '$2y$10$AHNX02uzd5o..zrhsdBBte4B/xru18dhOymmUuWgqVQr42SeFMTLu', '2009-03-13', 1, '53 Ph Cao Vnh V, X Triu Di Dinh, Huyn B Bch\nLng Sn', '', '2016-08-23 00:00:00', '2016-08-23 00:00:00'),
(248, 'chieu.leu', 'Thy', 'Ct', 'trac.nhu@example.net', '$2y$10$qzW/sQJFzYRqzFrJDS2t6.4LtQHEJ4dpo8wXPpfRbqRXQ.I7ILKvi', '2014-03-21', 2, '11 Ph Danh N Hi, Phng Thun D, Huyn La Tr Th\nHi Phng', '', '2016-08-23 00:00:00', '2016-08-23 00:00:00'),
(249, 'bach79', 'Trc', 'Gi', 'utrinh@example.org', '$2y$10$AlowHFfZj81BqRo20CDWtuAagQLgg.yo.LTEGDrYkjNqFdKEBKEMq', '2010-02-13', 1, '3195 Ph Bin, p Cn Nhin, Huyn Ty Lai\nBnh Thun', '', '2016-08-23 00:00:00', '2016-08-23 00:00:00'),
(250, 'quynh.duong', 'Dip', 'Kha', 'quy43@example.com', '$2y$10$ZdTAIjljjIYf8nJfg/ROXOj9fbuA1ohjaG7N7fUweC0ab3ayykQwK', '1975-06-30', 2, '3340 Ph Chim, Thn Sn Thu, Huyn Ca Ngn\nCn Th', '', '2016-08-23 00:00:00', '2016-08-23 00:00:00'),
(251, 'ngon.ong', 'Thin', 'Chung', 'bvi@example.com', '$2y$10$LrHFAZMdCO5L.BWkvLQbs.ZDZA1jFRCd.OkovPId54yC1TVbadB.K', '1994-11-02', 1, '664, Thn 1, Phng Hn Phi, Qun Nht Vy\nBc Ninh', '', '2016-08-23 00:00:00', '2016-08-23 00:00:00'),
(252, 'chi.ca', 'Tin', 'Khu', 'phan.tu@example.org', '$2y$10$bN.S/1k2cMe9AkfktioGQ.wVPFymC03/Iwvt4fVO/quNYTnHNdz0.', '2006-03-28', 2, '767, Thn Li V, Phng Bo Tng, Huyn Uyn\nSn La', '', '2016-08-23 00:00:00', '2016-08-23 00:00:00'),
(253, 'thuy83', 'Vu', 'Nhim', 'phung55@example.org', '$2y$10$m1rTs9mNWDCz3wLxGx7DN.D586jsVv.EGLGWGa4yxDt826U1daej2', '1995-11-27', 1, '3727 Ph Ng Oanh Trc, Phng 4, Qun Khut Hp\nAn Giang', '', '2016-08-23 00:00:00', '2016-08-23 00:00:00'),
(254, 'ha28', 'Nng', 'An', 'canh.trang@example.org', '$2y$10$9yX5eOCXxIGOfmEMRJcl3.Ogn4VvyiQaQc.pOJcQvgdTuN86AVGXC', '1970-03-10', 2, '168 Ph To Di Trng, Phng Nam Thi, Qun Thng\nH Ch Minh', '', '2016-08-23 00:00:00', '2016-08-23 00:00:00'),
(255, 'an.danh', 'Khu', 'L', 'tho.ung@example.net', '$2y$10$/uYGOUx9hUGUwHhuG5JJNuMpcfQN0M7e8KUlS4LwiKCmpDUplI6yK', '1975-08-14', 1, '7989 Ph La, X Hoa Hnh Nhin, Qun Lc Phong\n Nng', '', '2016-08-23 00:00:00', '2016-08-23 00:00:00'),
(256, 'uyen94', 'Tm', 'Ong', 'khe53@example.org', '$2y$10$gVpI3LwEH3rYBC2D4HSXpuXgY7.yyoLE5RVTEGpJCPJmdqB6PRjTG', '1971-01-18', 2, '82, Thn Bch Ngn, Phng n Cn, Huyn 7\nNgh An', '', '2016-08-23 00:00:00', '2016-08-23 00:00:00'),
(257, 'can.nong', 'i', 'ng', 'my96@example.net', '$2y$10$b6BD2kCX4hEbfll892j.J.IKGNVpbIlSc4b2137I2/umSZkYloUaO', '1987-02-26', 1, '6 Ph Lu, Phng Liu, Huyn Trc\nQung Tr', '', '2016-08-23 00:00:00', '2016-08-23 00:00:00'),
(258, 'tien31', 'Kim', 'Phi', 'luu.tue@example.net', '$2y$10$zY.m5WpBhO.pSnPDjGaKeu7k6zgbuQxJkbEUhHCMeuUuCDCmLjEme', '1981-05-23', 2, '53 Ph Nhim Mn My, X 8, Huyn 96\nk Lk', '', '2016-08-23 00:00:00', '2016-08-23 00:00:00'),
(259, 'tra.phuong', 'Ly', 'Bu', 'xuan.kieu@example.com', '$2y$10$V7/yOdpSMwQiPMbkiTQozePLTGDjf5uc0URo3QlwfDFASalJW7NPK', '1997-01-31', 1, '8695, Thn Ung, X Th inh, Huyn Linh Cao\nTr Vinh', '', '2016-08-23 00:00:00', '2016-08-23 00:00:00'),
(260, 'lam.chau', 'S', 'Vin', 'sinh15@example.org', '$2y$10$h.U8pY538YK4ncxQcUlCj.m3t7tP5d9.dczhuQzqnZo.M5Pgov1I6', '2006-08-10', 2, '81, Thn Sn Lc, X oan H, Qun 1\nNgh An', '', '2016-08-23 00:00:00', '2016-08-23 00:00:00'),
(261, 'chuong15', 'Ca', 'n', 'sieu.bac@example.net', '$2y$10$Sf0dwFssp6vBoXDw7c9SL.XmTnWC8Ssxh.j/jf2yvbiUcKq9ggTH.', '1974-08-21', 1, '12 Ph Lng, X Lc, Qun B V\nTy Ninh', '', '2016-08-23 00:00:00', '2016-08-23 00:00:00'),
(262, 'thoai60', 'Sng', 'Chu', 'trac.khang@example.org', '$2y$10$pGA0PC4.wJXYWfa8cm9du.4nipHYzyu6PNwHjvwg6Yb1z.b8yLBka', '1978-01-28', 2, '16 Ph Khc, Phng Vng Du Loan, Qun 44\nH Ch Minh', '', '2016-08-23 00:00:00', '2016-08-23 00:00:00'),
(263, 'thuy.tao', 'Khai', 'B', 'che.nhien@example.com', '$2y$10$mlIh/1fVkyDWUu8mkDrtKu9q2Z8qybuyIlKeHISqS5Pdb572mSr4.', '1983-08-13', 1, '357 Ph Danh Thc Kin, X Trang Nhm, Huyn 8\nH Ch Minh', '', '2016-08-23 00:00:00', '2016-08-23 00:00:00'),
(264, 'dnhu', 'Anh', 'Thp', 'rtieu@example.com', '$2y$10$WQoeb4crj0LiO3eIuOF8B.Mw9KbBYHSQcJ5ggFNB/FI35xlUS2Sfi', '1995-10-20', 2, '1132 Ph An Thng Hip, Thn Thi Dng, Qun o Phong\nHa Bnh', '', '2016-08-23 00:00:00', '2016-08-23 00:00:00'),
(265, 'bao.hoan', 'Trang', 'Sn', 'ty.sam@example.com', '$2y$10$xRSsdr/xHnlk8Uj.G1I62eTySAXYjnkViRA5sJFR/NYthRbpWvBwy', '1990-10-13', 1, '69, p T Khanh, X C nh, Qun Liu Nga\nTin Giang', '', '2016-08-23 00:00:00', '2016-08-23 00:00:00'),
(266, 'bthoi', 'Hnh', 'Dim', 'amoc@example.com', '$2y$10$mjat9MH1CCfCY9Ch/OO8zeJikKAcnr/QknQFhvioszZOw35iff416', '2001-09-24', 2, '94, p c, Phng Chng, Huyn Kiu\nQung Ninh', '', '2016-08-23 00:00:00', '2016-08-23 00:00:00'),
(267, 'ngon47', 'Quang', 'Ci', 'tue78@example.org', '$2y$10$QL.EdgYXTLC34JDjrDxrv.cH/8C/ZSZp/EifflwL/XXyoGLQF8b2i', '1983-04-30', 1, '5, Thn Tr, Phng Tng Huynh Tu, Qun Khng Khuyn Phc\nCao Bng', '', '2016-08-23 00:00:00', '2016-08-23 00:00:00'),
(268, 'nkhuat', 'Hoa', 'Li', 'my09@example.com', '$2y$10$l6nbUW1MnaXaWKxfpm63d.gyKYE8KUdCqFHpdJXSAXQIQq6JGTitm', '1985-01-15', 2, '82 Ph Trng, Phng 1, Huyn 1\n Nng', '', '2016-08-23 00:00:00', '2016-08-23 00:00:00'),
(269, 'uman', 'Kiu', 'Cao', 'thuc.hinh@example.org', '$2y$10$3ypvNJ5j7el94JMkjJsDte5KExuhkQg0Tn2r23nNTS6EWbY3SjVOy', '1977-05-26', 1, '9522 Ph Hip, Phng 1, Qun 0\nTr Vinh', '', '2016-08-23 00:00:00', '2016-08-23 00:00:00'),
(270, 'lien42', 'Lan', 'i', 'van.dinh@example.com', '$2y$10$9ydBEQ/xCy4C6UMxyyCtcOp/y2xa126ov8vPbsrlAfMmMdSnk4nd6', '2003-03-19', 2, '5630, p 29, X Vin, Qun Qunh Thanh\nTuyn Quang', '', '2016-08-23 00:00:00', '2016-08-23 00:00:00'),
(271, 'tphuong', 'ip', 'ng', 'thach.loc@example.org', '$2y$10$v3i2txv/gOY/dQT10mfiDuA8CkNeMzRqMN21LGnVwjqRZtl.TFWoG', '1999-06-18', 1, '6573 Ph Hin, Phng Khu Ung, Huyn Nguyn Ha\nCn Th', '', '2016-08-23 00:00:00', '2016-08-23 00:00:00'),
(272, 'lchau', 'n', 'Khc', 'dcat@example.net', '$2y$10$nJU/Hd48BSJkl7s.bqBS/O1hkzOV0qMaAUfYiB5zU6JsqoaH3R4ii', '2003-09-13', 2, '813 Ph Tho Nhn Ca, X 25, Qun Lm Mn\nBc Ninh', '', '2016-08-23 00:00:00', '2016-08-23 00:00:00'),
(273, 'huynh57', 'Vy', 'Mang', 'tham87@example.com', '$2y$10$IjawFacFelo8L/YfBXUa4OTQ7EYgLXFlT5HOu/l8YRL5Wr73sJ.de', '2000-05-24', 1, '3 Ph H L Qun, X 81, Qun Bch \nH Ch Minh', '', '2016-08-23 00:00:00', '2016-08-23 00:00:00'),
(274, 'hang.moc', 'nh', 'Trng', 'nghiem.nu@example.org', '$2y$10$/5.wXoH1vnuSngwaEDee7unra4cnjMbaAXWHJ6c/Gi/oRkYFM8nra', '2006-03-14', 2, '3756, p Mn, Phng ng Lai, Qun 81\nKhnh Ha', '', '2016-08-23 00:00:00', '2016-08-23 00:00:00'),
(275, 'an.hoa', 'Hip', 'B', 'tru68@example.org', '$2y$10$V92.pemcAbgsu.9CY0GJTO5/QbMSvBsQqlVSbyDAMrsaCrJ1YFA2G', '2010-03-13', 1, '85 Ph Bch, X Tng, Qun u Qunh Tu\nCn Th', '', '2016-08-23 00:00:00', '2016-08-23 00:00:00'),
(276, 'ychiem', 'Trnh', 'nh', 'dai.duc@example.net', '$2y$10$zjcNCZmPVdvZt8T2SOzgO.XcAZPOeTwtKSS7PpKqfwscdm94fCynC', '1975-06-13', 2, '25, p Thu V, p H Kin, Huyn ng Ngn\nng Thp', '', '2016-08-23 00:00:00', '2016-08-23 00:00:00'),
(277, 'dkieu', 'Hu', 'Trng', 'echiem@example.com', '$2y$10$h/h5vZLGM9.xVN7drKgXWuZ/qrvyZNQi.CbSKXExfjbq1Zw2RN2rC', '1971-01-14', 1, '06 Ph Nhin, X Ch Bo Du, Qun 9\nH Nam', '', '2016-08-23 00:00:00', '2016-08-23 00:00:00'),
(278, 'wlac', 'Thoi', 'Ch', 'wmau@example.org', '$2y$10$9.DPgRC4T.6zZo1AWI718eutseUZidIgn5WaD9lXzHwZtmeOA3YBK', '2002-08-22', 2, '9078 Ph Phng S Thy, Thn Tuyn Huy, Qun Cao Ngn Cn\nBnh Thun', '', '2016-08-23 00:00:00', '2016-08-23 00:00:00'),
(279, 'phuoc.lieu', 'c', 'Bnh', 'quach.hoai@example.org', '$2y$10$.pyd8QZI1p9n3O8V1Nf.9OCiHffRFF1Dbl9vVwZWUdXL1RkrnM3zS', '2005-09-17', 1, '0 Ph T Ca Ti, X L Tuyn H, Huyn Lc Ha\nBn Tre', '', '2016-08-23 00:00:00', '2016-08-23 00:00:00'),
(280, 'tham.thach', 'Ngha', 'B', 'zdang@example.net', '$2y$10$IogtDZ6mKnQaGLF1DkAYquAmYtbIC2qb2zL5reapitmxgfmDcqVpm', '1991-04-08', 2, '43, Thn Thch, X Vu, Huyn Thu Trm\nSn La', '', '2016-08-23 00:00:00', '2016-08-23 00:00:00'),
(281, 'thai74', 'Lai', 'Bnh', 'co78@example.org', '$2y$10$7GJ0eTjrWN/kIq9iElsoQeiszKy8DKqmi2LBMEs.pQfF.WcP9lWI6', '1989-03-31', 1, '3957, p Vng, Phng San Linh, Huyn Chu Vit\nThi Nguyn', '', '2016-08-23 00:00:00', '2016-08-23 00:00:00'),
(282, 'chau.thi', 'Thu', 'Quch', 'nhi68@example.org', '$2y$10$ve9M7MhyPcRw.hpNkabhh.5Mrv3ZJNQgH0QH8L52dfn5WFiVMESAS', '1981-01-24', 2, '1853, p Ng, Phng Khai San, Huyn Thy Hon\nQung Ngi', '', '2016-08-23 00:00:00', '2016-08-23 00:00:00'),
(283, 'dai.dong', 'c', 'Qun', 'slo@example.org', '$2y$10$LDHxMmkyn/kSqYP9.uSUUegQ6qj4U.lLRMgpDNsYIuk8iDr8KbNB.', '1973-05-10', 1, '3 Ph L Nguyn Cm, X Th, Qun Chung Thch\n Nng', '', '2016-08-23 00:00:00', '2016-08-23 00:00:00'),
(284, 'giap.tuyen', 'Php', 'Ninh', 'duong.luan@example.net', '$2y$10$x5f/rOC.ru55g0IU0XOlo.PvPhObBPVU79nhTep4lHtVWu7jvakUa', '1977-08-19', 2, '0 Ph in, X 85, Qun Ninh Ho\nLong An', '', '2016-08-23 00:00:00', '2016-08-23 00:00:00'),
(285, 'thoai07', 'Huyn', 'n', 'quyet.cu@example.org', '$2y$10$Vn7mXA1gJnDhHiYg/.68Z.HsRRDmFhLm2q/FOZIhPmotTgPJxtuTO', '1976-01-14', 1, '59, Thn Mc, X L, Huyn 92\nKin Giang', '', '2016-08-23 00:00:00', '2016-08-23 00:00:00'),
(286, 'ato', 'S', 'Chung', 'nhuan.ma@example.net', '$2y$10$d6D7S9jK0qfdzoNZlIpyj.tSpg6X7RyeHIcvW0WH80cEaDBQ8gPJS', '2014-08-07', 2, '1 Ph o Tng Giao, Phng 6, Huyn 39\nng Thp', '', '2016-08-23 00:00:00', '2016-08-23 00:00:00'),
(287, 'kim.nhan', 'ng', 'Chung', 'nhung.lo@example.com', '$2y$10$kh50PLviSAV05gChBpcPguVyyAkAFmaiAMFRhm58KxpE.DstUjJte', '2008-10-03', 1, '4 Ph Thnh, X 8, Huyn 10\nH Ni', '', '2016-08-23 00:00:00', '2016-08-23 00:00:00'),
(288, 'gia.vi', 'Trc', 'Thnh', 'loc69@example.com', '$2y$10$hQK9N6.x35ADbmTJJxfix.OD8xfu2u7OcHZ8P0jSBOKEa3QDEuJ46', '1971-07-08', 2, '0576, p Dng Mn, X Hnh Nhin Vu, Qun Hoi Ong\nGia Lai', '', '2016-08-23 00:00:00', '2016-08-23 00:00:00'),
(289, 'cuc.nham', 'Hnh', 'n', 'ulo@example.net', '$2y$10$p0w.GH7l/zvSPOUxHPW04ObvSVv250Wdq9K03lfQd4N15hPaIEVDW', '2010-06-14', 1, '6 Ph To Tuyn Nh, Thn Ninh Khanh, Huyn K Vng\nLm ng', '', '2016-08-23 00:00:00', '2016-08-23 00:00:00'),
(290, 'atong', 'Hon', 'D', 'viet51@example.net', '$2y$10$BHBrZpf3nw04qKO8mQVQrOrj3YGtDVeZdA2mfVgPysrs.RpJCagIm', '1971-06-27', 2, '033 Ph C Bo Nhn, p Thy Hiu, Huyn Thi Quyn Bnh\nCn Th', '', '2016-08-23 00:00:00', '2016-08-23 00:00:00'),
(291, 'phap54', 'an', 'Phng', 'thap.kiem@example.org', '$2y$10$pST9kcXIKLFPZLfMs0Wduen.UYEpuO8dCCbeFJGWoSIUdgTDDbC86', '1970-06-09', 1, '6 Ph Thn, X Phan, Huyn Hoa Tr\n Nng', '', '2016-08-23 00:00:00', '2016-08-23 00:00:00'),
(292, 'sdiep', 'Chnh', 'Sn', 'ngoc03@example.net', '$2y$10$QpYlukRy.NYc5KaOSMdwUedwLqnYfzlsfHBEgL5ilxZQlwmbT9Hh2', '1975-09-22', 2, '5, p S Hu, Phng Tn Ho, Qun 02\nKon Tum', '', '2016-08-23 00:00:00', '2016-08-23 00:00:00'),
(293, 'ninh.nghiep', 'T', 'H', 'ehinh@example.com', '$2y$10$o/27iWt8MCP495gTzQI9SeQjGHZVBjh/XY8HcFirNX3XEvBFiAyb.', '1977-04-24', 1, '7765, Thn Ng, X 42, Huyn Nhu Thch\nKin Giang', '', '2016-08-23 00:00:00', '2016-08-23 00:00:00'),
(294, 'dam.chieu', 'Tuyn', 'Ung', 'nghi.dieu@example.net', '$2y$10$L6ZOLbZE5GEJNWxnWccHCODpx6SLK.KH6mT8zPSoaEKIkqKUGAKkG', '1992-09-25', 2, '21 Ph Hon, X 8, Qun 79\nHi Phng', '', '2016-08-23 00:00:00', '2016-08-23 00:00:00'),
(295, 'sbe', 'Thun', 'Thnh', 'hao64@example.com', '$2y$10$v4V4hzdsH3.rZPr6Gn4IRu4WFdEPcJrVZE4Tou.UA0b9cmFBx/8c6', '1987-05-04', 1, '581, Thn Php, X 30, Qun Thi\nQung Tr', '', '2016-08-23 00:00:00', '2016-08-23 00:00:00'),
(296, 'tan20', 'Chn', 'Trang', 'bnghi@example.org', '$2y$10$1HYGL3/o9VkHwAjXNSx5MO72EzeMVgiq2Pyk0ffmDrL4lf7svfEku', '1990-04-03', 2, '2, Thn Thch Bnh Lm, Thn L Nh, Qun 0\nHi Dng', '', '2016-08-23 00:00:00', '2016-08-23 00:00:00'),
(297, 'ngo.hue', 'Mai', 'Nh', 'vy94@example.net', '$2y$10$HVXNhOsUDFHXo/zEViKCFen2.6Rc/5hl8RFzmkVIa7pQIiJKXKdsq', '1984-08-21', 1, '561, Thn Lu nh, Phng T Vi, Qun 4\nHi Dng', '', '2016-08-23 00:00:00', '2016-08-23 00:00:00'),
(298, 'binh.tuyet', 'V', 'Nghim', 'gmoc@example.com', '$2y$10$EbkdlttY0xrDRYjyZxIsU.LyGt0KVKbX2GF1GSzC0WmfUb7OyTY3q', '2006-11-09', 2, '5723, Thn Ngy, p Phi Lng, Qun Vn\nBc Giang', '', '2016-08-23 00:00:00', '2016-08-23 00:00:00'),
(299, 'dat01', 'Chu', 'Lc', 'xuan52@example.com', '$2y$10$yx8FLfubMEKGYbW9dkw4cuPMUD7XFTaZLH2DDL5klJ8UYgcOQFBF.', '1995-08-12', 1, '9 Ph Ph S Uyn, Phng 5, Qun Duyn Gi\nThi Nguyn', '', '2016-08-23 00:00:00', '2016-08-23 00:00:00'),
(300, 'chung77', 'Tun', 'Tip', 'ly.loc@example.org', '$2y$10$xnEY5pf.kuzjTRirSGyYlO07bwxvDqGaUatcf3gUgDi3U.Vmr02vC', '1997-01-23', 2, '0 Ph Ln, X Cung, Qun H n\n Nng', '', '2016-08-23 00:00:00', '2016-08-23 00:00:00'),
(301, 'thoai.can', 'Anh', 'Ng', 'la.kha@example.net', '$2y$10$w4CyaFWR1HI2rSKr29OLrOSok40YOKSPDGaambwWwi0CTS9ekSVVW', '1990-01-27', 1, '7 Ph Nhm Huyn Kiu, Phng Duy V, Huyn Ha\nCn Th', '', '2016-08-23 00:00:00', '2016-08-23 00:00:00'),
(302, 'ca34', 'n', 'Ca', 'thuan.lo@example.com', '$2y$10$8Mdg3v43IXC7kR5PQx2wUuM/j44hWBCl9gP5IUu3LgiugHL38OcGe', '2000-09-15', 2, '777 Ph Cn Di nh, Thn Khng Lm, Huyn Dng\nH Ch Minh', '', '2016-08-23 00:00:00', '2016-08-23 00:00:00'),
(303, 'nha89', 'i', 'Phng', 'anh53@example.org', '$2y$10$JoFNHDe5HThhKUgOgP5eduQiBSDdpgMdRs7WtGCU8cQ1Va59e4jra', '2014-08-14', 1, '1 Ph Bnh, X 87, Huyn c Uyn\n Nng', '', '2016-08-23 00:00:00', '2016-08-23 00:00:00'),
(304, 'ekhuc', 'V', 'Chung', 'asu@example.net', '$2y$10$3yRJqteNEbA9FHUuCjrqv.kx2s224iU0fVIibBCX.867rPqhxq5f6', '1983-04-29', 2, '6 Ph Dng, X Ong, Qun Tin Li\nHu Giang', '', '2016-08-23 00:00:00', '2016-08-23 00:00:00'),
(305, 'hua.tung', 'Nhn', 'Ha', 'ecao@example.com', '$2y$10$WXFKizAqfXIbTQapDzy/T.WsyUTDCWuJO4LTWRq.bL6ky6N1cgT6y', '2002-07-16', 1, '8849, Thn Khiu Bng, X Dng, Qun Chu Lan Qu\nTuyn Quang', '', '2016-08-23 00:00:00', '2016-08-23 00:00:00'),
(306, 'enham', 'Vnh', 'Triu', 'nhat.son@example.net', '$2y$10$EBgFDhNTLzkh/hnhbQdseOqxkkWR6J/diOq6ja6PwmUauu/4ZsxBK', '2003-11-06', 2, '655 Ph Ngh Nga Duyn, Phng Trn Nh, Huyn Ph\nLai Chu', '', '2016-08-23 00:00:00', '2016-08-23 00:00:00'),
(307, 'luong.lai', 'Phng', 'Ph', 'du02@example.net', '$2y$10$mTCS3e4lmNascA8zckknXehFU3StEqbed1jI6dye84BR8NwCuLSA6', '1971-05-14', 1, '827 Ph Lan, Thn Tng Thun, Qun Kin\nLng Sn', '', '2016-08-23 00:00:00', '2016-08-23 00:00:00'),
(308, 'ly23', 'Lam', 'Bch', 'my14@example.org', '$2y$10$G/O0l5ZGUTd3gKDGMx05NeqQw2XmsSqT.ZETx/hdnep8GfjmzhWwm', '1998-07-24', 2, '744, Thn Li Ngn, Phng Hn, Qun Vi Hng Khang\nin Bin', '', '2016-08-23 00:00:00', '2016-08-23 00:00:00'),
(309, 'ton.nhi', 'Bc', 'La', 'yen.hoai@example.com', '$2y$10$fNu/pfcNImZHEan6oO.mp.sRcZPWsiVJL8.xRS6Qo7Rg1xXevtFpW', '2013-09-04', 1, '832 Ph Sn, Thn Trnh Nguyn, Huyn Chiu\nBnh Phc', '', '2016-08-23 00:00:00', '2016-08-23 00:00:00'),
(310, 'ftruong', 'Sng', 'Nh', 'dien.can@example.org', '$2y$10$iNEUh8oEcDQQi./KwBSW.uQT1tLJ2RGIXRp/tfDR1CUns/P0UPIRC', '1988-09-27', 2, '87, p 60, Thn H ip, Huyn Min Linh\nng Nai', '', '2016-08-23 00:00:00', '2016-08-23 00:00:00'),
(311, 'le76', 'i', 'o', 'truc.lac@example.net', '$2y$10$hA99aro4FZUuX62B2mOTlOeGa.qwflx0Hg9SvrJTsLii8h.wTmX3a', '1973-06-27', 1, '2 Ph Khu, Phng Nhn Tuyt, Huyn ng\nHu Giang', '', '2016-08-23 00:00:00', '2016-08-23 00:00:00'),
(312, 'toan.bac', 'Nhung', 'Bch', 'luong.tran@example.net', '$2y$10$C4g3QYeJOX5J2zfiOi/K8.9zFL/9CE7JXWz.vRTVfx0HzwGyC1Z2u', '1987-03-17', 2, '114, Thn Hng, Phng Hu Ph, Qun Oanh Danh\nThanh Ha', '', '2016-08-23 00:00:00', '2016-08-23 00:00:00'),
(313, 'xchu', 'Phng', 'Lc', 'cu.xuan@example.net', '$2y$10$khU1eWX1Oead1l6KsCKIA.Oc/02v3XTdrRWpwnewoKgXmVLMynl/G', '1996-11-21', 1, '4 Ph Phan, Phng Ph C, Qun Lam Vng\nHi Phng', '', '2016-08-23 00:00:00', '2016-08-23 00:00:00'),
(314, 'vi.hoang', 'Duy', 'Thnh', 'phi.nhi@example.com', '$2y$10$6ilJhZz7wj8tzUzDqnbUweB9RhinlgoCyhEo3K61qdIebkIzBDo3q', '2015-06-19', 2, '5, Thn Phng Vin, Phng Tr Qunh, Huyn Mi V\nKin Giang', '', '2016-08-23 00:00:00', '2016-08-23 00:00:00'),
(315, 'ky40', 'Thc', 'Phan', 'uyen.au@example.org', '$2y$10$GZMw8fbFwgWypTcP5Uwp0eH5NJ0cmZB2uwP8km58A00ceMgP8l58.', '1988-01-19', 1, '012 Ph Bch, Phng Chu Vit Khiu, Huyn 1\nH Ni', '', '2016-08-23 00:00:00', '2016-08-23 00:00:00'),
(316, 'anh.ha', 'Khanh', 'L', 'thoa20@example.com', '$2y$10$8cpZg7RVA1sxgpFt5Trdu.zjc6mfZReTOYagSwQEYOyRNf3zstlJC', '2007-08-20', 2, '61 Ph Trng Quyn Uyn, X 5, Qun Thoi Ho\n Nng', '', '2016-08-23 00:00:00', '2016-08-23 00:00:00'),
(317, 'trinh.phi', 'Ngc', 'u', 'cung.xuan@example.net', '$2y$10$YXPxtGD5Bzn5UlK7Q2vT9uw1oMRlVrb8l4lNs9j2gQSCSIDWEIe3O', '2015-10-27', 1, '28, p Sn, X Trit, Qun Tu nh\nAn Giang', '', '2016-08-23 00:00:00', '2016-08-23 00:00:00'),
(318, 'phung.trinh', 'Khnh', 'Nghim', 'ntong@example.org', '$2y$10$wo47EDmg8HLNKcmSaxHF4.bV4Pcgfy69AHl3/2ben281q544f8eGO', '2013-08-03', 2, '8144 Ph Hong Hu Qung, Phng Trung, Qun 6\nHi Phng', '', '2016-08-23 00:00:00', '2016-08-23 00:00:00'),
(319, 'tu.lac', 'Nh', 'Nh', 'dhan@example.org', '$2y$10$4Cz.YJ3ajeNGU4ZVuxQdyuUBhDJaqsZkG0Q2owmhO3tsp0OwTs4ji', '2008-02-10', 1, '6 Ph n Chiu Nguyn, p Giang t, Huyn Cam\n Nng', '', '2016-08-23 00:00:00', '2016-08-23 00:00:00'),
(320, 'khong.dai', 'Tho', 'T', 'rchu@example.com', '$2y$10$7IWHn5BloF6IpEUhaGDhiuJeGCCBXtz21db1aAueNKL4wFGTh6hBG', '1975-02-09', 2, '907, p C Vng, X 19, Huyn 30\nTy Ninh', '', '2016-08-23 00:00:00', '2016-08-23 00:00:00'),
(321, 'dien.trinh', 'Hoa', 'L', 'wan@example.org', '$2y$10$E.SeHRCn7PR52bNX2uNogOBCmwB5rB5lyIUJGqthQ8bRuIYBqoLuu', '2001-08-10', 1, '52, Thn 11, Phng 0, Huyn Nhn Danh\nLo Cai', '', '2016-08-23 00:00:00', '2016-08-23 00:00:00'),
(322, 'au.kieu', 'on', 'Mch', 'tan57@example.net', '$2y$10$jSI5akUA.lSPle9oXo864upYRSjXj7uSAP8PzdyYQJLx4ThCZlRHS', '2013-08-12', 2, '9, Thn Long, Thn Phng Phng, Qun Bch Khng\nSn La', '', '2016-08-23 00:00:00', '2016-08-23 00:00:00'),
(323, 'kim.lieu', 'Vu', 'u', 'ulo@example.org', '$2y$10$ir6/n8cCgjcNYsKBG6Ra4errqga8Y.3Lqn.Moh0mHVpXhp4JVRIKO', '2007-12-26', 1, '6 Ph Khut Chn Tuyn, p Bnh Nghim, Qun Mai\nSn La', '', '2016-08-23 00:00:00', '2016-08-23 00:00:00'),
(324, 'tuyen.thi', 'Trnh', 'Hnh', 'rnham@example.com', '$2y$10$NB2LbhI12P0QW3MgNev2O.rzOc7zKnMqEiaYZQF9e7YJE/wFBwEQO', '2014-10-02', 2, '4103, p Cn Phc Du, Thn Ma Tn, Huyn Nhm Sng\nGia Lai', '', '2016-08-23 00:00:00', '2016-08-23 00:00:00'),
(325, 'hoa.lieu', 'V', 'n', 'phuoc.nham@example.net', '$2y$10$AoiBzBNn7mRJHy9DPTawFul66uct1FcFIMylDLYXWE9w3Ckllz31K', '2004-10-16', 1, '5 Ph D Khnh Tin, X 1, Qun Thch\nCn Th', '', '2016-08-23 00:00:00', '2016-08-23 00:00:00'),
(326, 'wchung', 'Tn', 'M', 'dan.giang@example.net', '$2y$10$lwD8hu3VIP9MIOMevmdMuePlUn7/1CKSYzKHnpj2dOi1ZDuxuj9P.', '2002-01-13', 2, '283 Ph Ho, Thn Gip Thy, Huyn 99\nLm ng', '', '2016-08-23 00:00:00', '2016-08-23 00:00:00'),
(327, 'hanh43', 'Ninh', 'Bnh', 'tu.lai@example.com', '$2y$10$lS0ZTmNNwDMIaIsLL.x.5uE0tGnM1WKPfajznlDucjyq9oJ9ZqI5G', '2010-05-25', 1, '1 Ph Thi Linh Bo, X 2, Huyn Thy Nhim\nHi Phng', '', '2016-08-23 00:00:00', '2016-08-23 00:00:00'),
(328, 'dong.hoan', 'Dng', 'Trng', 'phuoc.du@example.com', '$2y$10$ofCB1bPv9zAU233yYj9q5uIhQs/T6L1DOOy288FgdFmyYavUaqDLS', '2012-01-02', 2, '1 Ph Khng Giang Ho, Phng 99, Qun Li\nNinh Thun', '', '2016-08-23 00:00:00', '2016-08-23 00:00:00'),
(329, 'bao95', 'Hc', 'Khoa', 'vu72@example.net', '$2y$10$TeIwoiTPwMsNZbe3khO2pe.d/m8M24zl3Si12sOSEnjiegIwUmODq', '1987-02-06', 1, '838 Ph Xa Tin Tho, Phng Vnh Thiu, Qun Ma\nHa Bnh', '', '2016-08-23 00:00:00', '2016-08-23 00:00:00'),
(330, 'ranh', 'Trn', 'Nhm', 'chau16@example.org', '$2y$10$ahSDjl0.ND2rNnFzjsHkGeF.IK.y0nhgZEHoF08mzAx2/hEpWl7xC', '1992-09-12', 2, '013, p Ngh Ton, Phng 07, Huyn Thng\nBnh Phc', '', '2016-08-23 00:00:00', '2016-08-23 00:00:00'),
(331, 'dang.thien', 'Nhin', 'o', 'diep.moc@example.net', '$2y$10$bEdQup0Ul7CiPXCHd0IPu.Q8U23HZ6r1aVpA5SIRWJAYW89vhrnwS', '1974-05-06', 1, '174, Thn Lc Nhin, Phng 3, Qun Trng Cn\nk Nng', '', '2016-08-23 00:00:00', '2016-08-23 00:00:00'),
(332, 'le.tong', 'Mai', 'u', 'dinh18@example.com', '$2y$10$M16/loMLrreryDqSYDiGWuik9r5lBpwvHNsoSeS3i9Kp28u7nwmoC', '1977-09-02', 2, '3, Thn nh, Thn Ngy Lc, Huyn Qun Nh\nQung Nam', '', '2016-08-23 00:00:00', '2016-08-23 00:00:00'),
(333, 'nghia44', 'n', 'T', 'tieu.hoang@example.com', '$2y$10$weAeeUwJ72UUilQIpJvCruVrfIALaiSTgd3/m4qVz81JWfthWIlsO', '1972-11-22', 1, '9172, p Ngn n, Phng 63, Qun ng\nBnh Dng', '', '2016-08-23 00:00:00', '2016-08-23 00:00:00'),
(334, 'truong.trieu', 'Vn', 'Cao', 'nhat27@example.net', '$2y$10$6nA7qN8frOBJ7lWR22sWV.6F1/5ohfzHyGqN7x1MGl4IZvt/bqOPm', '1982-04-19', 2, '1 Ph Ngy Tm Thy, X 8, Qun Ma Hng\nH Giang', '', '2016-08-23 00:00:00', '2016-08-23 00:00:00'),
(335, 'nhu30', 'Phc', 'Tng', 'danh.an@example.net', '$2y$10$Gd9Cjq21QaeREtuKlv8DE.yNI1Tw2GfGjaLqI.J4DByGdb.VlXjVa', '1987-12-25', 1, '6747 Ph Nguyt, Phng Bo, Huyn 05\nHu Giang', '', '2016-08-23 00:00:00', '2016-08-23 00:00:00'),
(336, 'tran70', 'Bng', 'Cam', 'bien.le@example.org', '$2y$10$CM/wiEYNxtK8XvZmmJsh2eQbjcBv6YrZL.ph34c/EcLaJX.zH9SwC', '1971-12-13', 2, '03 Ph Trnh, X 7, Huyn Cm Dim Hnh\nNinh Bnh', '', '2016-08-23 00:00:00', '2016-08-23 00:00:00'),
(337, 'ycu', 'Mn', 'Tng', 'mxa@example.net', '$2y$10$U6cI3t3EVnLHFGl5xh/C.uMSlw9Lzn4yS6.g9EVg4/kXWGW687L5a', '1989-05-17', 1, '0 Ph Khng Minh Tin, Phng 2, Qun Tuyn\nThi Bnh', '', '2016-08-23 00:00:00', '2016-08-23 00:00:00'),
(338, 'lam.tong', 'Tun', 'Trng', 'quynh13@example.net', '$2y$10$/THSa89WxrK3u/Or2iNKOe7mz0JIC1zUkv0VW/bXthvpJ6xadAYVa', '2008-12-18', 2, '32, Thn Chng ip Ha, Phng Nhim, Huyn Thu Hoi\nng Nai', '', '2016-08-23 00:00:00', '2016-08-23 00:00:00'),
(339, 'ton.phuong', 'Triu', 'La', 'dong.ngan@example.net', '$2y$10$QKvLYVhnneetVhoucfGc3eMK/AKLCDig27D3GbfsN0g173CAk/Q9e', '2013-02-03', 1, '48 Ph Giao Bnh Trinh, p Nguyn Tho, Huyn n Nhm\nLng Sn', '', '2016-08-23 00:00:00', '2016-08-23 00:00:00'),
(340, 'kien.du', 'n', 'Hy', 'ha89@example.org', '$2y$10$rFbknivV2QO3MjiU7ZrZBe8Ur5YN12714t/Tt7OmM8Ji7HvgInXm6', '2000-11-24', 2, '1 Ph Phng, Phng Thy , Huyn Tuyn Quyn\nNam nh', '', '2016-08-23 00:00:00', '2016-08-23 00:00:00'),
(341, 'hop41', 'Thc', 'Nng', 'do.trach@example.com', '$2y$10$ZLM0pT1JQcRcXPbHKzMhWuC9xN/orQSUR2eyGYnO7lawp2/TsIdHa', '2008-10-30', 1, '01 Ph Mc Phong Nguyt, Phng M Thc Hon, Huyn Hnh Sa\nBnh nh', '', '2016-08-23 00:00:00', '2016-08-23 00:00:00'),
(342, 'duc59', 'Khot', 'Hn', 'cu.tram@example.com', '$2y$10$p85EFyCEo/mQ.a76fJwn7uMn9vu4gJ0BbTwXsg15cmhTOuJRmb9wy', '1974-08-12', 2, '1966 Ph u V Du, Phng D, Huyn V\nBc Ninh', '', '2016-08-23 00:00:00', '2016-08-23 00:00:00'),
(343, 'vi99', 'H', 'Kim', 'wtu@example.net', '$2y$10$5GB/kBYCsqna9kpyu72S4.PW8N5jmpn5sIdMsKz0TJOURdiLUW2Wu', '1995-02-16', 1, '153 Ph Khut Nghim Th, Phng 9, Qun Vi Thu\nH Nam', '', '2016-08-23 00:00:00', '2016-08-23 00:00:00'),
(344, 'hao.dao', 'Kiu', 'Mang', 'tue35@example.com', '$2y$10$l5lN/F.Gwvj5Onl7cthp0.ABwuQ6M1RPoZWaf6GYoaSqT8KwWIOPy', '1980-05-17', 2, '5053, p H Ci, Phng 29, Huyn Hi Long\nHu Giang', '', '2016-08-23 00:00:00', '2016-08-23 00:00:00'),
(345, 'dhan', 'T', 'Trc', 'hbui@example.org', '$2y$10$LB8svbYpu4XTVVJpPZ.pPuPup6FlvgZi4kBZgQaDzY8ldw90g0duC', '1998-09-04', 1, '1449, Thn Ngn Khng, X Hng T, Huyn T n\nBnh Thun', '', '2016-08-23 00:00:00', '2016-08-23 00:00:00'),
(346, 'cdang', 'Qu', 'Nguyn', 'hvuong@example.org', '$2y$10$yfH4.a2Yswxs0V/oaUkUaOJWzUXlIxePAoB1ZwskQ9ikEq9tdIAe6', '1981-12-11', 2, '44 Ph Hunh Vinh Khng, Phng Tho, Qun Lu\nH Ch Minh', '', '2016-08-23 00:00:00', '2016-08-23 00:00:00');
INSERT INTO `users` (`id`, `user_name`, `first_name`, `last_name`, `email`, `password`, `birthday`, `role_id`, `info`, `remember_token`, `updated_at`, `created_at`) VALUES
(347, 'anh.loc', 'Bch', 'Kiu', 'canh.che@example.net', '$2y$10$oOjodAzjL5a5Usf71PEoE.elMPA7HvAWAUxJtxr1IvCrXzOVXuZUO', '1971-05-29', 1, '0 Ph Giang Tuyn Cm, Phng L Thi, Huyn My Phong\nPh Yn', '', '2016-08-23 00:00:00', '2016-08-23 00:00:00'),
(348, 'thuy96', 'Ngc', 'Hong', 'trinh.nghiem@example.com', '$2y$10$m76f8Mr5ligqBLNzxGRuWeCALax.x5viUr1/Ymx5qsojbQe.b681a', '2005-12-13', 2, '0 Ph Cao Kin V, Phng Phc Bch, Huyn Hy Tm Sang\nYn Bi', '', '2016-08-23 00:00:00', '2016-08-23 00:00:00'),
(349, 'pla', 'Hoa', 'Bu', 'buong@example.net', '$2y$10$dtyo0VqZLcrva.TFrwbjfeKSCjH9nOHC2lLjgEMBISxixmEWmBHM2', '1976-09-02', 1, '220 Ph Ung Thc Thu, Phng Bc Bo Vng, Huyn Bc Phc Vy\nCn Th', '', '2016-08-23 00:00:00', '2016-08-23 00:00:00'),
(350, 'lam.sam', 'Ha', 'Gip', 'tram.luu@example.org', '$2y$10$zqEfcTWzB/7r/23mnl/NiOA1N2YQaTBFSOgUGeYoap8q0GUa3CH7.', '1971-04-01', 2, '1227, Thn Nguyn Bng, Phng Thch, Qun Nh Nhin\nBc Kn', '', '2016-08-23 00:00:00', '2016-08-23 00:00:00'),
(351, 'que32', 'Vnh', 'n', 'kiet17@example.org', '$2y$10$L2Whj5RxdnNqP3XWw3sQ1.XkufLMUtWwv.87BVlIdaGxli0uEgqFa', '1990-07-31', 1, '4065 Ph u Ho Sang, Thn Tiu Toi, Huyn H\nGia Lai', '', '2016-08-23 00:00:00', '2016-08-23 00:00:00'),
(352, 'trach02', 'Huyn', 'Hy', 'lap25@example.net', '$2y$10$WhUqEUFqrndKAVVD2W4W1.ndkO5ZOnX1.fgN6OsDGEHPpOU5JoBbK', '2007-08-14', 2, '3359, Thn 8, Phng Khoa Uy Thi, Huyn 1\nVnh Phc', '', '2016-08-23 00:00:00', '2016-08-23 00:00:00'),
(353, 'cuong.trieu', 'Duyn', 'L', 'aninh@example.org', '$2y$10$s2Lja4hnOHiVK7ZkQCBQCOqpe.zTV9ltamXnv/lviSf57ykSGremC', '1971-11-15', 1, '123 Ph Lc, p Liu on, Huyn Khc Thin\n Nng', '', '2016-08-23 00:00:00', '2016-08-23 00:00:00'),
(354, 'thoai19', 'Nhn', 'Mn', 'ohua@example.org', '$2y$10$h7EhDt5oFAZ4YA9cPBgjeOexnUGioHbwQS79Cks7AyqeeV9Kiojnu', '2007-10-10', 2, '36 Ph u Vu Vinh, X Bnh, Qun Lam Thy\nLong An', '', '2016-08-23 00:00:00', '2016-08-23 00:00:00'),
(355, 'sluong', 'Hng', 'Don', 'danh.khai@example.org', '$2y$10$ELyPHMpDX6iH5Bkpvf9V.uHRI/ImaQ0hv05qsETcKXahd5s4IWWAW', '1984-11-01', 1, '926, p Danh, X Qu Thp, Huyn Bc u\nQung Ngi', '', '2016-08-23 00:00:00', '2016-08-23 00:00:00'),
(356, 'man92', 'Nhn', 'Bu', 'ybi@example.net', '$2y$10$zUP1J7iA7VBeKjPSSj8ONugP68HGF5zVj2O3Gzt.K2sOa31bls1va', '1981-12-27', 2, '9106 Ph Xa Tm Dng, X Quc Du, Qun Gip Bch\nBnh nh', '', '2016-08-23 00:00:00', '2016-08-23 00:00:00'),
(357, 'jninh', 'Hi', 'Ngy', 'ngo.canh@example.org', '$2y$10$y/DszNYXX2TQoVKzp1hnNeJ3VfkFFFreK5dB/j4a7nctkF0rWK47W', '2011-06-23', 1, '45, Thn Cm Th, X Ong, Qun Nguyt\nQung Nam', '', '2016-08-23 00:00:00', '2016-08-23 00:00:00'),
(358, 'kdoi', 'Nh', 'Tn', 'ngan22@example.com', '$2y$10$bD4fmzgOgx7apQMGHDRYU..arHBUAVdMMKguUbZuJ9Fa8QR/fCCOq', '1990-08-27', 2, '0810 Ph Bin Nh Nguyt, Phng B Vn Giang, Huyn Kin Nng\nC Mau', '', '2016-08-23 00:00:00', '2016-08-23 00:00:00'),
(359, 'an.giang', 'Mai', 'on', 'bach.sieu@example.com', '$2y$10$pi4Z/NigKWzLDRWFaPZ3leM1Zf48OFJq0a9XEpVtI6Er.54abfm.O', '2008-10-10', 1, '732 Ph Thi Ton Hoa, Phng Bch Thiu, Qun Thi\nSc Trng', '', '2016-08-23 00:00:00', '2016-08-23 00:00:00'),
(360, 'hba', 'Phng', 'Lu', 'ythoi@example.com', '$2y$10$cy0VG1Au/wj2QQ5991sUwOiGFXXjzqHOvszeK2ElDkgdOQR6PeqfW', '2013-02-11', 2, '0300 Ph Khu Qun Lc, X Ph, Qun Bch\nYn Bi', '', '2016-08-23 00:00:00', '2016-08-23 00:00:00'),
(361, 'thy.danh', 'Tin', 'Hunh', 'uong.vuong@example.com', '$2y$10$jKvP/NH5X896Th/2SlojhuWdh3AcLa51rYarOGBQMGVxetbLz/NeC', '2004-05-26', 1, '654 Ph Khuyn, Phng Th Tu, Qun 69\nH Ch Minh', '', '2016-08-23 00:00:00', '2016-08-23 00:00:00'),
(362, 'vi.khuc', 'Lin', 'u', 'ccan@example.com', '$2y$10$VkiG1Cf9MGk3nxDbIKrR.u3Gq0nKHdG/cWxsScIfERf/EH6y000ZG', '1992-07-12', 2, '0886 Ph La H Vi, p Phong Thng, Huyn 92\nBc Liu', '', '2016-08-23 00:00:00', '2016-08-23 00:00:00'),
(363, 'khong.thoai', 'T', 'Ung', 'xuyen50@example.net', '$2y$10$6ySkF0ntpDUGUVr8Uk8OJuJ2Kheo6.Dh7btvLexTDfoXRulRDrAXi', '1985-11-09', 1, '9 Ph Sang, p ng Tuyn, Qun Huynh ng\nHi Phng', '', '2016-08-23 00:00:00', '2016-08-23 00:00:00'),
(364, 'lac60', 'Tho', 'i', 'lcu@example.com', '$2y$10$ZWDfCHu9zSc/jASzetdYb.mU8kVTX9CpjPPZSc0YVUX/goF2XaOue', '1998-06-06', 2, '04, Thn Tip Hng Khng, X Bng Thi, Qun Du B\nKhnh Ha', '', '2016-08-23 00:00:00', '2016-08-23 00:00:00'),
(365, 'ly.tran', 'Bng', 'Don', 'cao.my@example.org', '$2y$10$XY3dT0cLV17i1MWffzoweOuyH6HjAuGokkjU1zOfOOAg09wVtyCe6', '2005-04-27', 1, '5 Ph B, X , Qun Tn Nng\nin Bin', '', '2016-08-23 00:00:00', '2016-08-23 00:00:00'),
(366, 'ncan', 'Tin', 'Tng', 'cbien@example.org', '$2y$10$3Fx.fS4nVyjcG0kxuQKwaeg0m17fHCkQxN0VoVyhmhWt2rAe4uV5O', '2002-05-25', 2, '0 Ph oan, Phng C, Qun Trm Phng\nLm ng', '', '2016-08-23 00:00:00', '2016-08-23 00:00:00'),
(367, 'uy.bang', 'Nhin', 'u', 'vuong.tan@example.org', '$2y$10$YnPHv/8g8wbQlL3OkVgjjuYJda.vO2rQVR7aEqpyd4LvbOf7Tp8ze', '1990-10-01', 1, '965 Ph C, Thn Dim Khoa, Qun 65\nLo Cai', '', '2016-08-23 00:00:00', '2016-08-23 00:00:00'),
(368, 'truong32', '', 'Vn', 'trang40@example.net', '$2y$10$iLUhzxtbXCdpUutGg9m0deHSvtC9adsdhcaN0cVPDaur0Iw0kcv0i', '1995-09-21', 2, '4486 Ph Nng, Phng Hng, Huyn Qu Khang\nHi Phng', '', '2016-08-23 00:00:00', '2016-08-23 00:00:00'),
(369, 'huan.thi', 'Hun', 'Thiu', 'ha.man@example.com', '$2y$10$ebBHUcArnU6vaIxK5gcdl.xgIGydt5UzoxKBKm7il0ChyhV2W1IUe', '1978-04-17', 1, '281 Ph Thi, Thn V Chiu, Huyn nh Mai\nH Ch Minh', '', '2016-08-23 00:00:00', '2016-08-23 00:00:00'),
(370, 'umach', 'Trung', 'Chung', 'zlu@example.org', '$2y$10$byU3ep7usy1cpKOfGf3/VuUsvEs2SJg2Qg/6RZ2E8cfCzzBeVH.h2', '2001-04-14', 2, '36 Ph Giang An Nam, Thn Tr an, Huyn 3\nQung Bnh', '', '2016-08-23 00:00:00', '2016-08-23 00:00:00'),
(371, 'tien.lo', 'Hi', 'ng', 'duc42@example.net', '$2y$10$YxuUTsy/1tgSlmjLwAG6GuFhChxDFhlPWchjdExM7zZvjMA2e0AtC', '2008-10-31', 1, '932 Ph L Hoi Ho, Thn Ngn Khi, Huyn 18\nCn Th', '', '2016-08-23 00:00:00', '2016-08-23 00:00:00'),
(372, 'an.ngon', 'Thanh', 'C', 'mau.binh@example.org', '$2y$10$0GmGTNOFlMy9aVdlnWZeze3v3lRhnInsiHtK.UqNQUQskM5GU4MX6', '2007-03-14', 2, '0313, Thn Hng Thanh Tin, X Thanh inh, Huyn 4\nTha Thin Hu', '', '2016-08-23 00:00:00', '2016-08-23 00:00:00'),
(373, 'giap.quynh', 'Phng', 'Cm', 'tran.hy@example.org', '$2y$10$1JudQB/BBHL35pFMBWQAmOWiqbWRu3xQFsh/ez63fblu9zzD9qxtC', '1975-02-15', 1, '8351 Ph Thi Hn Nng, Phng 07, Qun 41\nCn Th', '', '2016-08-23 00:00:00', '2016-08-23 00:00:00'),
(374, 'dung.binh', 'Ty', 'T', 'nhu.lai@example.com', '$2y$10$iJABz6rcQQNj/9IRynZckevAHCTLZ9oM7Oxt5dFkt95CljQCph8AO', '2013-12-23', 2, '1435, Thn Sng Thy, Phng 27, Qun Tng\nNinh Thun', '', '2016-08-23 00:00:00', '2016-08-23 00:00:00'),
(375, 'gdoan', 'Uy', 'Bch', 'hdoan@example.com', '$2y$10$GNPvl/z8h3RMontgSzzWDuandW/14tdAkyYPn4yuEVOIbp2yeCO.e', '1992-09-30', 1, '0 Ph Cm Uy Trit, Phng , Huyn T Khu\nH Ni', '', '2016-08-23 00:00:00', '2016-08-23 00:00:00'),
(376, 'cu.quan', 'V', 'Trnh', 'an.danh@example.org', '$2y$10$uZ9P6/QHLTCH4IYacGdUAet3/SFbJ9G/62ho9NTgQtLQNNKqmf11.', '1976-05-03', 2, '1818 Ph Gi Ngn Trn, p Nghim Khu, Qun an Dn nh\nH Ch Minh', '', '2016-08-23 00:00:00', '2016-08-23 00:00:00'),
(377, 'dan.giang', 'Vi', 'Yn', 'hao.cat@example.com', '$2y$10$ZV9JqvCD5v0X/a5AkCLNc.LRevpII4xb4K6BcVF3ZCdNZeFpmJQbe', '2010-01-19', 1, '441, Thn Hon on, X Hu Phm, Huyn Tho Trng\nTin Giang', '', '2016-08-23 00:00:00', '2016-08-23 00:00:00'),
(378, 'ido', 'Li', 'Bc', 'dan.su@example.com', '$2y$10$eacnh5cagYCEtBspX8f14OytIt1QWRBr5DpENHklFr9ra8k04mNk.', '2004-09-10', 2, '6 Ph Nhim Lai n, X Thch Hiu Ln, Qun Tn Kim\nH Ni', '', '2016-08-23 00:00:00', '2016-08-23 00:00:00'),
(379, 'khang21', 'Phc', 'Tng', 'chinh66@example.net', '$2y$10$qbTQcdeiXEcff6xtK14bZOgE3wkQQxpV2V1JbmspF5OtbMZmAM9zW', '1982-03-26', 1, '0 Ph n Thy Diu, Phng Ngh Sn Hong, Qun Thun Trm\nH Ni', '', '2016-08-23 00:00:00', '2016-08-23 00:00:00'),
(380, 'mquan', 'Vit', 'Ung', 'minh95@example.org', '$2y$10$oMaXTNgRCIFRvOZPjoIFpuo1DFL279FQWVfd5IwnRsrghgLMN5zvi', '2013-02-27', 2, '9626 Ph Khut Lc Bng, Phng 7, Huyn Anh\nH Ch Minh', '', '2016-08-23 00:00:00', '2016-08-23 00:00:00'),
(381, 'abang', 'Dip', 'Trang', 'student@student.com', '$2y$10$QmukKblbgdA1zDdAcEi5hevkwWCBkQ9OX7j423iI8JPEk/G1fCp4S', '1977-07-19', 1, '186, p Tn, X Ti Chiu, Qun V Quang Trinh\nHi Dng', '', '2016-08-23 00:00:00', '2016-08-23 00:00:00'),
(382, 'dong.diep', 'Quang', 'Lu', 'plo@example.net', '$2y$10$Bv2vnUEsut.HF3MtgQlnM.kxkusycMcC8S8kL4SPPI7kPkfCoKDMi', '2001-07-12', 2, '7637, Thn Nht an, X 5, Qun Mu Nh \nQung Ngi', '', '2016-08-23 00:00:00', '2016-08-23 00:00:00'),
(383, 'the.banh', 'Li', 'Phm', 'tong.tin@example.com', '$2y$10$H2mEukym9f2TpQcjsseFCOW7UcHvptJ153g9ASIR8p1tgdW98AkeC', '2008-08-17', 1, '581, p 4, Phng Lp Thi, Huyn Thnh\nLai Chu', '', '2016-08-23 00:00:00', '2016-08-23 00:00:00'),
(384, 'vtieu', 'Quyn', 'Vi', 'huu.tra@example.org', '$2y$10$Ib3cvSEayl8Mh8jHfWQQp./kOPHz5ChggqPqHaWzipV97ouy4Hdte', '2014-07-13', 2, '7 Ph Ngn, Phng Nng Tr, Qun Lng m\nH Ch Minh', '', '2016-08-23 00:00:00', '2016-08-23 00:00:00'),
(385, 'lba', 'Trng', 'Bch', 'toan.nguyen@example.com', '$2y$10$N4igwRnuHKxbrOye2aHT7OmFJWHw9wpnbJ3zDNrM5tMAyZQy.yLum', '1986-03-12', 1, '21 Ph Ng Th Khnh, Phng Bi Ly Thng, Qun 5\nLng Sn', '', '2016-08-23 00:00:00', '2016-08-23 00:00:00'),
(386, 'khuu.vu', 'Sinh', 'Hy', 'cat.kieu@example.org', '$2y$10$t2kgjZu.Mq10qoyztfTD7eFKU0En.C.iPQsI8mPA9GUx9gT7Uh2kS', '1986-06-06', 2, '205 Ph L Ho Khanh, X Dim Tin Cc, Qun Xa Thng\nHi Phng', '', '2016-08-23 00:00:00', '2016-08-23 00:00:00'),
(387, 'nghiep59', 'Nng', 'B', 'loc.vu@example.org', '$2y$10$5zXlLSiN6h2uGQMvzOO.T.IojJRsBZYo7Qa2Y.2N1hmwWhqPaRXH.', '1997-11-21', 1, '72 Ph ng Khoa Lc, X 71, Huyn 34\nThi Bnh', '', '2016-08-23 00:00:00', '2016-08-23 00:00:00'),
(388, 'gnghiem', 'c', 'Khng', 'que.anh@example.net', '$2y$10$u9bBpWoQkRcvxuQ.ylgVaeKqsZBvJjbJQ2V12RvuX0UU0fsKy.R6m', '2005-07-08', 2, '674 Ph Lu Phng Hoa, Phng Thp, Qun Lai\nKin Giang', '', '2016-08-23 00:00:00', '2016-08-23 00:00:00'),
(389, 'dao.mang', 'Phong', 'Tng', 'odong@example.com', '$2y$10$lI6uLFw/RlDECiIH4EV4HOY1lbGRTZcGx4s/rmyczShR8zjPeCzwS', '2015-10-17', 1, '5109 Ph Bnh Tuyt Chin, Phng Hng, Huyn Hnh nh Dao\n Nng', '', '2016-08-23 00:00:00', '2016-08-23 00:00:00'),
(390, 'ghung', 'M', 'Ch', 'binh.thanh@example.net', '$2y$10$xVHkDLX8EKS1sv0kjN3PW.XSUC.mWpZeWqup9QuzYP9BdWpZ6YdcS', '1988-11-19', 2, '0 Ph Ha Trm Anh, X Chng Du, Qun Qu Tng\n Nng', '', '2016-08-23 00:00:00', '2016-08-23 00:00:00'),
(391, 'son.tiep', 'S', 'Bin', 'thuc.hong@example.com', '$2y$10$mS6JE42lcSMr6fjOr.rqkONE0GyN1CiJw4J/YQMtAzAtWnR0vjHUa', '1978-02-14', 1, '8041, p Chinh Gip, Phng 4, Qun 6\nng Thp', '', '2016-08-23 00:00:00', '2016-08-23 00:00:00'),
(392, 'vy.bien', 'Di', 'Mc', 'khieu13@example.org', '$2y$10$CTHx2pwTF3eqMhOW046xD.WhruaQffC4AG0CAPFG27xuENzxlw6XO', '1987-09-29', 2, '8907 Ph Nhim Thnh Sn, X 84, Qun Vit\nng Thp', '', '2016-08-23 00:00:00', '2016-08-23 00:00:00'),
(393, 'luat.lo', 'Di', 'H', 'thach32@example.org', '$2y$10$nkFHoK9aMhywozQer2mxHePTROGv0MRqk.frWBeq8NFIVHmSKc75C', '2001-01-14', 1, '47, p Hong, Phng in, Huyn Kha Hip\nC Mau', '', '2016-08-23 00:00:00', '2016-08-23 00:00:00'),
(394, 'lam.mang', 'Thc', 'Hy', 'cnghiem@example.net', '$2y$10$EXoyIrHNza2/a0COeHnbXOxIM8OdBzT8hgZ9jAjypwa8V6h2zcyuG', '2011-04-29', 2, '55 Ph Chu Hiu Chi, X 9, Huyn 3\n Nng', '', '2016-08-23 00:00:00', '2016-08-23 00:00:00'),
(395, 'long', 'H', 'Ung', 'quan.hanh@example.net', '$2y$10$KrjrPRs336LiNH9M4FCk1.62Wh/EIVWcHDugx.yvQEdWGs0NcRee.', '2001-03-30', 1, '959 Ph Bc, Phng Phi, Qun Tuyn\nHi Phng', '', '2016-08-23 00:00:00', '2016-08-23 00:00:00'),
(396, 'dien.kha', 'Hunh', 'Kim', 'di.tran@example.com', '$2y$10$qsVEsoOM3rbZoB/w5EEGXOU8yPd/MY4.dqdvI6hWEW99AMZj9.YHG', '2011-11-23', 2, '962 Ph Nghim N Ca, Phng Phng, Qun To i\nQung Ngi', '', '2016-08-23 00:00:00', '2016-08-23 00:00:00'),
(397, 'thu.an', 'H', 'Cn', 'nha.ninh@example.net', '$2y$10$omfWOX/KmTvCkphHx0lTsuX/9sV60rBvOBnGPMt4E5.LanB9Fvlna', '1995-06-15', 1, '64, Thn Thnh Kha, X Hng, Huyn n\nng Nai', '', '2016-08-23 00:00:00', '2016-08-23 00:00:00'),
(398, 'nhien.dai', 'Cng', 'Thp', 'lien14@example.org', '$2y$10$nIeQ4dTfl0R8CMGU9.yKleJulIwWWLocnMY7xgnQEEDqKexWTOgxS', '1998-07-03', 2, '8, Thn 80, X L Thy Hc, Huyn Chu\nKin Giang', '', '2016-08-23 00:00:00', '2016-08-23 00:00:00'),
(399, 'duc.mai', 'Ly', 'Phan', 'khiem03@example.org', '$2y$10$ckjYMRqK3SxmU7penKuiAuu0aMKdmbcSvLz4q8z5TGt8.f4tcFW4u', '1986-05-10', 1, '6, Thn Kit, X Trng, Huyn Ngc Loan\nBn Tre', '', '2016-08-23 00:00:00', '2016-08-23 00:00:00'),
(400, 'lai.diep', 'Hiu', 'Hnh', 'dnham@example.com', '$2y$10$JCpa/p7w5nCx6pgkAMqQg.KwMUZRtU7.0GDDRLov.m/9sh/KtDp9e', '2001-08-29', 2, '630, Thn V Tn, Phng 04, Huyn Thin Giang\nLong An', '', '2016-08-23 00:00:00', '2016-08-23 00:00:00'),
(401, 'vinh.bao', 'Xuyn', 'Khut', 'diem.minh@example.net', '$2y$10$3sTrvEWatByE1CrGw7gQX.zPqylcBlfs.jepEeKurqqWXDukS7.O6', '2004-08-19', 1, '728, Thn 2, Thn B Huynh, Qun Hng\nThi Nguyn', '', '2016-08-23 00:00:00', '2016-08-23 00:00:00'),
(402, 'khoa.triet', 'Kim', 'Khc', 'khuc.bach@example.org', '$2y$10$fpJCuNcCeTRCqzWeQxm/Nu46SedSIN45HRz1Ya0CkqSSQWcWf4geu', '2000-01-14', 2, '092, p 66, Phng Thng, Qun Quch Di Thc\nTr Vinh', '', '2016-08-23 00:00:00', '2016-08-23 00:00:00'),
(403, 'la.truc', 'Yn', 'Trnh', 'xkhau@example.com', '$2y$10$DNyEu6r1xlDs/CpEFGm6/ettouZuGivJ9a5yismskRJiZt38Erzfe', '2010-05-22', 1, '4, p 2, X nh L, Huyn Chn Trang\nTuyn Quang', '', '2016-08-23 00:00:00', '2016-08-23 00:00:00'),
(404, 'le87', 'Thnh', 'V', 'mach.vien@example.org', '$2y$10$mQVvplLmgzGsz9rbRUQB5.CNwXdhIBDXXHHIttRBRDIA2dqxdLdza', '2001-08-30', 2, '8, Thn Khu, p Khu Hu, Huyn Vng H\nNinh Bnh', '', '2016-08-23 00:00:00', '2016-08-23 00:00:00'),
(405, 'mang.ca', 'Ninh', 'Thiu', 'htong@example.org', '$2y$10$Z7B.3nzLY42Ye.xRZmKHKOMuXvSuzZdIuZhCa4./uRBYqWRdbJUcu', '2003-02-10', 1, '795 Ph Ngn, p Xa Lim, Huyn Hoa Chiu\nLo Cai', '', '2016-08-23 00:00:00', '2016-08-23 00:00:00'),
(406, 'an.hoan', 'Phng', 'Vng', 'my.thach@example.net', '$2y$10$FKYlVhKSstDrKI9RwfZbY.ft8GNdMT6TRzYZFdKQo3Q.S1N8/VTn6', '2004-09-26', 2, '58, Thn Bin Ho, Phng Bnh H, Qun V ng Xun\nLm ng', '', '2016-08-23 00:00:00', '2016-08-23 00:00:00'),
(407, 'tram36', 'Hi', 'ng', 'do.chuong@example.net', '$2y$10$CUovXc4sdiK/39I2TlWBWOAZCGaUERaIRDGZFpavHUNOLpQMBB216', '1976-03-12', 1, '4357 Ph Thch Dip Bu, p Chng Dip, Qun Phi Ci\nH Ch Minh', '', '2016-08-23 00:00:00', '2016-08-23 00:00:00'),
(408, 'khuong.tuyen', 'Huyn', 'Ha', 'ydoan@example.net', '$2y$10$pUHrQtBE7UeMElo9kCCg8eQAZx.6UhTDH/aNR34qI2HQt6e6yXFbm', '1983-01-02', 2, '9, Thn 3, p Bc Chung, Huyn Cng Ho\nLng Sn', '', '2016-08-23 00:00:00', '2016-08-23 00:00:00'),
(409, 'xuan.thao', 'Nghi', 'Li', 'nhiem.hung@example.com', '$2y$10$1PiDunAyu8FHKcFh/Fa5be4QN9xgJQSgZyB3HIRb6Mh5CTe79EZFu', '1986-01-29', 1, '91 Ph Nh, X 6, Huyn ng T Hng\nH Ni', '', '2016-08-23 00:00:00', '2016-08-23 00:00:00'),
(410, 'vtong', 'Nguyt', 'L', 'vuong.man@example.org', '$2y$10$tTI3rzcMkISjuqroXNfXBeC0nGzdQM2BAt.xYC5uIvPX9Mw.6FFDO', '2004-12-31', 2, '8487 Ph T Quyt Nghip, X o ng, Qun Duyn Min\nHi Phng', '', '2016-08-23 00:00:00', '2016-08-23 00:00:00'),
(411, 'do.nong', 'Lnh', 'Tng', 'thien38@example.com', '$2y$10$w5A4jntBjqce8GzWrsRrYuE66wiX6HnRX8nhZNI2y44uDFqE2/FMC', '1998-04-22', 1, '5, p Hong Mn Lin, Phng 47, Huyn Hiu T\nHu Giang', '', '2016-08-23 00:00:00', '2016-08-23 00:00:00'),
(412, 'stran', 'Hng', 'u', 'linh.su@example.com', '$2y$10$50JqyU5MEvmdRn51wTpEhOYcIXvOZnN./ZVxD8F96MRNN4SgtEkJ6', '1984-12-11', 2, '8173 Ph Lu My Minh, p C an, Huyn D o Tin\nCao Bng', '', '2016-08-23 00:00:00', '2016-08-23 00:00:00'),
(413, 'duc08', 'Phc', 'C', 'ncam@example.org', '$2y$10$4AD9dw.Tfv2i5w5j4Qe3lOjwxpcXyDUqc/0pCuDNylzlRtgr9e6se', '1988-05-15', 1, '385 Ph Trng Bu Lm, Phng Danh Nghip Ho, Huyn Ninh\nVnh Phc', '', '2016-08-23 00:00:00', '2016-08-23 00:00:00'),
(414, 'ba.nha', 'Xun', 'Khu', 'chuong.thao@example.org', '$2y$10$H9WP5NtWaWgQA/xHJtJqy.KWYJwrw7h7yyiFdtzQun764IyKCqRYK', '1999-02-14', 2, '4, p 49, Phng T An, Huyn Ca Chi\nTy Ninh', '', '2016-08-23 00:00:00', '2016-08-23 00:00:00'),
(415, 'do.san', 'Cng', 'Nhm', 'hoa81@example.net', '$2y$10$l/Juh6aCo7cqpLMMXzXgM.i0kKCYG90vWPLJxmzzumC1XwlUayFLm', '1975-11-27', 1, '69 Ph Tm, Phng Mang Siu Hoa, Huyn Khot Tuyn\nH Ni', '', '2016-08-23 00:00:00', '2016-08-23 00:00:00'),
(416, 'ndanh', 'Cnh', 'D', 'fnhiem@example.net', '$2y$10$Sk3Glxd1mbKDPBErHVdrmOri/fiOIrZrhYYj4vLUNBqNcdbFosg6m', '2012-04-21', 2, '16, p Xun Trang, X Trng  Tng, Huyn 8\nBnh Dng', '', '2016-08-23 00:00:00', '2016-08-23 00:00:00'),
(417, 'zche', 'Trng', 'L', 'hquan@example.net', '$2y$10$KlfJAV.rxyjLxb1r2bPijuh48AIe8YcQgiTTe4UvFjpN52RLCVQM2', '1971-04-12', 1, '385 Ph Phng Qunh Trc, Phng Ton, Qun Kha Hng Anh\nHi Phng', '', '2016-08-23 00:00:00', '2016-08-23 00:00:00'),
(418, 'ha.dai', 'Hon', 'Lc', 'khoa.vi@example.org', '$2y$10$StfjTTtqFksd9MLCKFxEA.qDBg95QgCxwggh5e5LcZnQU014kwpN6', '1994-03-20', 2, '5 Ph nh, Phng 6, Huyn Trng n Tng\nTy Ninh', '', '2016-08-23 00:00:00', '2016-08-23 00:00:00'),
(419, 'bao.bao', 'Nhun', 'C', 'dan10@example.com', '$2y$10$BPgvCgxrH2neFhS2AXK7u.pqSmDZNeQ761ytPJXN3mjhhC1qwLbJi', '1980-06-08', 1, '4786 Ph Nhm Khi Hiu, Phng Li, Huyn Ph Kiu Th\nHi Phng', '', '2016-08-23 00:00:00', '2016-08-23 00:00:00'),
(420, 'lieu.kieu', 'Sng', 'To', 'cxa@example.net', '$2y$10$vjB5A10.8M1lkYyH6h8ig.jDlJojnSWonJRr8K.wUKv7n3ACS914u', '2012-09-29', 2, '0 Ph Mc Xun Chin, Phng Vi, Huyn Hong\n Nng', '', '2016-08-23 00:00:00', '2016-08-23 00:00:00'),
(421, 'van.ngon', 'Lan', 'M', 'kbui@example.com', '$2y$10$eZNCY7gRgSa.NJ5MMPP6tOGxgFDEHDCjxrJIfXaBKegWB3zEnAlw.', '1976-02-08', 1, '8466 Ph Ng Bch Hn, Phng Giang, Huyn Vng Thin o\nH Tnh', '', '2016-08-23 00:00:00', '2016-08-23 00:00:00'),
(422, 'cnhu', 'Sa', 'Ninh', 'ma.khai@example.com', '$2y$10$/UaapWnJXEprbwdevOXDmu9mtTfozVAQS9uCIuhvD45rUJuvSswvy', '2003-12-03', 2, '700, p n, Phng 5, Qun Ca Sn\nNgh An', '', '2016-08-23 00:00:00', '2016-08-23 00:00:00'),
(423, 'danh.tieu', 'Hi', 'u', 'ithan@example.com', '$2y$10$.ZV5Rwcm.GS8lZCphqWdAe1xJyFArcwbMsW7.aBfb2O4KUTRRYINi', '1997-07-09', 1, '1 Ph Nhm Du Thu, Phng Vng Khang, Huyn c Trng\nHi Phng', '', '2016-08-23 00:00:00', '2016-08-23 00:00:00'),
(424, 'van.ninh', 'Tuyt', 'Thi', 'thien.to@example.net', '$2y$10$cbauygykfUDb6zfDeUCDUOjglijOfcHdrLbE75vH1Yv2OrFrM20Qq', '1993-01-07', 2, '4432 Ph Qun Tuyn Chng, Phng Dim Trang, Qun 5\nLng Sn', '', '2016-08-23 00:00:00', '2016-08-23 00:00:00'),
(425, 'do65', 'Hu', 'Lc', 'cat.hien@example.com', '$2y$10$lSPUG2C0U0X66Sa/5lCmCO/Bqo5sne.8/eyeDJcHiuUkk4L114eHm', '2001-07-31', 1, '5, p 61, X Nguyt Thch, Qun C K Cnh\nBnh Phc', '', '2016-08-23 00:00:00', '2016-08-23 00:00:00'),
(426, 'trung50', 'Ninh', 'H', 'mdau@example.org', '$2y$10$w5GCF84oeZ/DG009pOWdTuK.4soW4ExCQnhVUqkzoqD8j/wQEHdXC', '1997-05-04', 2, '372, p Ha, X Dung, Qun Hoa Kin\nSc Trng', '', '2016-08-23 00:00:00', '2016-08-23 00:00:00'),
(427, 'vinh.lieu', 'Thng', 'V', 'trieu.toai@example.org', '$2y$10$YfDOhuPQrlhHGJrfAC5nxObYT5yNafZ8POn2hZdVpbxvmu4oKfIeG', '1999-10-22', 1, '845, Thn Sinh, X 88, Qun 74\nHng Yn', '', '2016-08-23 00:00:00', '2016-08-23 00:00:00'),
(428, 'hao05', 'Kh', 'C', 'trinh.nham@example.net', '$2y$10$tEdyKl3.3K5ftD58c3PFR.zIhZ9x11jTH0/RLaFjCN3Yv2cXBCDdm', '1985-08-09', 2, '615, Thn 4, Phng Hong, Huyn 3\nBnh Phc', '', '2016-08-23 00:00:00', '2016-08-23 00:00:00'),
(429, 'ptrac', 'Nguyt', 'Lu', 'chinh59@example.org', '$2y$10$HDezDghk/zU.HqKHpV937ei4oDNwr3kgcaTiaRPf6TOnVQu.9MXSK', '1980-04-12', 1, '4897 Ph Mch Nam Vu, X 03, Qun Quch\nLng Sn', '', '2016-08-23 00:00:00', '2016-08-23 00:00:00'),
(430, 'mnguy', 'M', 'Vn', 'hoi52@example.net', '$2y$10$QVtilFYYa6QMOjbzQ0n6FeohoRjC0.OBjWg402UvRptK31ElIuDZ2', '2014-03-31', 2, '1, p B, X Trng Ph, Qun Ung Ton nh\nBn Tre', '', '2016-08-23 00:00:00', '2016-08-23 00:00:00'),
(431, 'tien49', 'Hiu', 'Nh', 'an.dan@example.org', '$2y$10$1qyQdCn1hxQxxwfK4yQu7.QIIvArdkw3CSQePvmyfayKULyC4eiie', '1970-09-28', 1, '0473 Ph Ch, Phng Bi Hi Thanh, Huyn 18\nHi Phng', '', '2016-08-23 00:00:00', '2016-08-23 00:00:00'),
(432, 'alo', 'Hiu', 'Ung', 'manh18@example.com', '$2y$10$mP6QS5EBoLXOS4dGfy6lgu0L/zIju.aRSuB4xspJYtfoPENlF.MYC', '2006-06-16', 2, '28, p Canh, X An Mch, Qun Tn Hng\nLng Sn', '', '2016-08-23 00:00:00', '2016-08-23 00:00:00'),
(433, 'tri69', 'an', 'Lm', 'ton.diep@example.com', '$2y$10$OfN0N5utxAJ.6uPMDydu..9278uD7npTQrMT19eRQZDbJ7fm5dSeS', '1999-12-21', 1, '58 Ph Tip Huynh Kim, Phng Hoi Vn, Qun D\n Nng', '', '2016-08-23 00:00:00', '2016-08-23 00:00:00'),
(434, 'hiep.chung', 'Thy', 'Phi', 'thoai.kha@example.com', '$2y$10$scBW5GIx0GxOK5b8xWQ91erEiG6LTo/ysh821.BzgGgNGegdUDbuG', '1998-01-19', 2, '38, p B, X Thoa L, Qun 7\nKhnh Ha', '', '2016-08-23 00:00:00', '2016-08-23 00:00:00'),
(435, 'cuong.nham', 'Vn', 'D', 'tu.ton@example.net', '$2y$10$ezbv6aX1nviKBm2qs56uReXD6odYM07uwNta7Wptbu1l2SI526zyi', '1972-02-14', 1, '7627, Thn Pht, X 9, Qun Mn\nNinh Thun', '', '2016-08-23 00:00:00', '2016-08-23 00:00:00'),
(436, 'ihan', 'H', 'Ph', 'hoai72@example.org', '$2y$10$HcLfpok8RxOOPPiK1IuHceL8pVx4DtoHdJA/jC608ENRYJQAdwqgy', '1997-04-02', 2, '33 Ph La Qu Huynh, X 04, Qun ng\nHi Phng', '', '2016-08-23 00:00:00', '2016-08-23 00:00:00'),
(437, 'ethao', 'Sinh', 'Trnh', 'nga.man@example.org', '$2y$10$AN9vTlhyu4BWZjyOoWBwOuiVd8kEBAkUdqHYluTLG5a4A7zRBXIRS', '1992-08-26', 1, '7109, p Nhin Vy, Phng Vng L Ho, Qun 4\nAn Giang', '', '2016-08-23 00:00:00', '2016-08-23 00:00:00'),
(438, 'zbinh', 'Nhung', 'Khu', 'giang69@example.net', '$2y$10$tePLkGl3NJM204P27PM12OGhUGw9eP/W3NKf1mJBpxL6iQ0GY7R6e', '1974-04-03', 2, '128, Thn i Khi o, Phng 53, Huyn 82\nTy Ninh', '', '2016-08-23 00:00:00', '2016-08-23 00:00:00'),
(439, 'jvi', 'Chu', 'Gip', 'chau.khai@example.org', '$2y$10$f.Jd7jyGjDUfMhUr83D4leIYhw1hshcBcHd/dxFSQAHqsvnE/8NUW', '1972-11-22', 1, '0850 Ph Liu, p Lm Duy, Huyn Nhin Khot\nNinh Thun', '', '2016-08-23 00:00:00', '2016-08-23 00:00:00'),
(440, 'hha', 'Trm', 'Mc', 'lan70@example.net', '$2y$10$AKdVo31ACq6VrR9rcQ0QLuwgCVmAgjScoQIdLKswu6ifewswyDLti', '1978-06-14', 2, '9302 Ph Li Trng Thin, X 28, Huyn 1\nH Ch Minh', '', '2016-08-23 00:00:00', '2016-08-23 00:00:00'),
(441, 'thong.bao', 'Di', 'Ng', 'le.trieu@example.com', '$2y$10$AYCTPKLozEggydiu/.TPweAuZ2CQ3H9MrYWbANyOUEFwPJvGU7pqO', '1996-04-09', 1, '33 Ph Cn San Tho, X Phm Hoi Tng, Qun Ngn Mai Nguyn\nBn Tre', '', '2016-08-23 00:00:00', '2016-08-23 00:00:00'),
(442, 'dan', 'Trch', 'Nng', 'vi.tong@example.com', '$2y$10$cX9RmJ0jUUNW.YZzqvUZX.duJzEtar1AR7JhALXp3RGCOpliyMfS2', '1989-08-05', 2, '404 Ph B Diu nh, X i Thy Thun, Qun 96\nKin Giang', '', '2016-08-23 00:00:00', '2016-08-23 00:00:00'),
(443, 'tda', 'Du', 'V', 'que.tong@example.org', '$2y$10$b7PVIb4KkCyMXT4adbC58.iO7Mmb2BTMF4w705JFr2SJOlak6U5LG', '1990-04-06', 1, '54, Thn Hu An, X Du, Huyn 1\nQung Ninh', '', '2016-08-23 00:00:00', '2016-08-23 00:00:00'),
(444, 'kma', 'Linh', 'Ninh', 'ydong@example.net', '$2y$10$//vYpysK6/hgw0o7qnpReOD6D.Pmag6Oonx4f733YzQ1eWeL58yU2', '1979-09-01', 2, '943 Ph Trn Nhu H, X Gic Ch, Huyn 96\nin Bin', '', '2016-08-23 00:00:00', '2016-08-23 00:00:00'),
(445, 'phi17', '', 'inh', 'an21@example.org', '$2y$10$xEtRV/EsOeJBqhFzCbgNnuPtZajMj3.85h9dEXBQGfh1i/zuKWwb.', '1982-02-27', 1, '33 Ph Khu, X Tng, Huyn Vin Li\nLo Cai', '', '2016-08-23 00:00:00', '2016-08-23 00:00:00'),
(446, 'gyen', 'Ha', 'L', 'hoa.dao@example.com', '$2y$10$5.oLM13xmhUjlimx5qz8UO5ZEUq7PDaaWSUou2PmYzQTd4LLSiJv2', '1979-02-21', 2, '2 Ph ng Ly Giang, X Dim, Qun 82\nAn Giang', '', '2016-08-23 00:00:00', '2016-08-23 00:00:00'),
(447, 'hong38', 'V', 'C', 'truc78@example.org', '$2y$10$uH7H1Li7SJMFjf7D7Fc0G.//.NLE9blKh4Oliq9SY8RYqrZl2XktO', '1992-09-24', 1, '873, p Quyt Hng, Thn Hp Vit, Qun Bch Dim\nin Bin', '', '2016-08-23 00:00:00', '2016-08-23 00:00:00'),
(448, 'athan', 'Nhn', 'Ngn', 'giao.huynh@example.net', '$2y$10$7aJREN5L9JKaTQIz/JTGwOc2ZbkRTljHxDvyoWIcTeDTskshmKcGK', '1999-06-23', 2, '4 Ph Hn Hi Hnh, Phng Linh Qun, Qun Sn Du Vn\nHi Phng', '', '2016-08-23 00:00:00', '2016-08-23 00:00:00'),
(449, 'rduong', 'ng', 'Ngh', 'cong98@example.net', '$2y$10$EwyF0Xv.cNfk6WsXlnt14OPH6Qgf5XpCf5m0dLBmU4WzDI9pS0Qqm', '1972-03-10', 1, '3079, p 01, X Trnh, Qun Hunh Hoi\nTy Ninh', '', '2016-08-23 00:00:00', '2016-08-23 00:00:00'),
(450, 'tin.phi', 'Lan', 'L', 'ephi@example.net', '$2y$10$gCeb8pN8xZx/365kDR8aF.bTOUBF.pQQ8UYu3v5oDkDDzaZ5htrva', '2003-09-02', 2, '5 Ph Hoi, Phng 38, Qun Ung n\nin Bin', '', '2016-08-23 00:00:00', '2016-08-23 00:00:00'),
(451, 'utrac', 'Trng', 'V', 'dam.trang@example.com', '$2y$10$OMsRmPwuOj.AEorpkxQh7eT5muUG6PLmDfIkyMrXUoeQdMNBiBD5q', '2013-02-13', 1, '8 Ph Cn, Thn Cung Hn, Qun B\nQung Ninh', '', '2016-08-23 00:00:00', '2016-08-23 00:00:00'),
(452, 'tiep75', 'Bch', 'ng', 'dtieu@example.net', '$2y$10$1kCbPtISrRRkNKY9iGYXXOc4uetfs0f3CThu.93YaE9nHFBLkg3X6', '1976-10-03', 2, '8790 Ph Don Trm Th, Phng Bch, Huyn Cng Tng\nH Nam', '', '2016-08-23 00:00:00', '2016-08-23 00:00:00'),
(453, 'duong.dan', 'Tr', 'Trc', 'bi.ai@example.org', '$2y$10$wOTwWA4/QaZF8pyMLm1ycerIFJNxvEcCqwSBOnHb.1ePlMBfJijNC', '1984-11-27', 1, '615, p Khang Ha, Thn Hu Tuyn, Huyn Chung\nk Nng', '', '2016-08-23 00:00:00', '2016-08-23 00:00:00'),
(454, 'chu.thu', 'Qung', 'Bc', 'viet.vu@example.com', '$2y$10$bRekjdYUeNRkZGNQIOEAfO8A3MPDZW1LwNT5.CoG9uQwVilRRA10a', '2005-10-18', 2, '55 Ph L Bc Hng, X 7, Qun 14\nBc Kn', '', '2016-08-23 00:00:00', '2016-08-23 00:00:00'),
(455, 'tieu.cat', 'Tin', 'Kim', 'nhan69@example.com', '$2y$10$4MDbdBQvE4F.aeOMRIxZQu7Z7NgRfnTOr6QFkH/5U9Ezy6.0Tc3xm', '1994-03-16', 1, '90, p M Anh, Thn Bnh San, Qun Chn Chim\nBnh Thun', '', '2016-08-23 00:00:00', '2016-08-23 00:00:00'),
(456, 'thoa30', 'Pht', 'Dng', 'knhu@example.com', '$2y$10$ceCijJ29UH/yjA9PodrMDeguJVQbXSTAJ/vNB/tjFjaVL4L8El9eu', '2012-11-26', 2, '167, Thn 0, Phng S Bng, Qun Ph N\nAn Giang', '', '2016-08-23 00:00:00', '2016-08-23 00:00:00'),
(457, 'tong.hai', 'c', 'Bo', 'dan24@example.org', '$2y$10$tkUWHp6mxIJrYyz7tr7EqOWmMrkzhaWzxpLSrqR8N49c2hj/pUOfC', '2004-12-25', 1, '8324 Ph D, X Ti, Qun Hu C\nQung Tr', '', '2016-08-23 00:00:00', '2016-08-23 00:00:00'),
(458, 'dao.kha', 'Trang', 'Dip', 'dcai@example.org', '$2y$10$WMakfVCScFvT.7AuK1shqeK6QCjiycTKzLLRSphTqW4CfCTIrNBoi', '1982-11-26', 2, '803 Ph Ngn Phc K, Phng Ung, Qun L Tuyn\nCn Th', '', '2016-08-23 00:00:00', '2016-08-23 00:00:00'),
(459, 'hua.tuyet', 'Cc', 'Thiu', 'thao.trang@example.net', '$2y$10$UcTKNLMCN/tUHufjD2sBv.6RF0FMmhWPyTbyVifHcMqdpvMOT4QGi', '1984-07-12', 1, '02 Ph Hunh, p Di Bng, Huyn Duy Ct\nAn Giang', '', '2016-08-23 00:00:00', '2016-08-23 00:00:00'),
(460, 'khuat.trinh', 'Tuyt', 'C', 'ftao@example.net', '$2y$10$QsLTHG8oB5z5kOF4sfOwGOTqoHO06xL.uX89KkmxMq09rLM6Y1uPu', '2009-09-17', 2, '80, Thn Sng H, X H Pht Phng, Qun 90\nQung Nam', '', '2016-08-23 00:00:00', '2016-08-23 00:00:00'),
(461, 'ca.duyen', 'Phng', 'Tng', 'lien.phan@example.net', '$2y$10$rKPZE0PUx6wOFWvqgMeOiuzuTtTC4brXqsP9QO1q.vOE.uVnNFyGK', '1997-10-31', 1, '18 Ph inh, X Ngn, Qun 65\nHa Bnh', '', '2016-08-23 00:00:00', '2016-08-23 00:00:00'),
(462, 'khanh67', 'Vinh', 'L', 'chinh56@example.org', '$2y$10$Hr5p50jPjZbWyVZ9SSSM.O00rCUOVvvwKGwWXuqY2hjJ9ZcZXcutu', '1986-05-05', 2, '763 Ph Lu Thi Thng, Phng Hunh Bin, Qun Xuyn t\nHng Yn', '', '2016-08-23 00:00:00', '2016-08-23 00:00:00'),
(463, 'qbe', 'Nhi', 'Thi', 'rau@example.com', '$2y$10$xB4hmFacYAD0HtA7sMflK.EmyRTeG2lScyRbLhGTJVnRwmYdda0Y.', '2016-03-31', 1, '2739 Ph Trng, Thn H Triu, Huyn 6\nHi Phng', '', '2016-08-23 00:00:00', '2016-08-23 00:00:00'),
(464, 'uyen.thinh', 'Khanh', 'Hn', 'fbe@example.net', '$2y$10$ErerzWXeHaWtWWJucAQFoOL05wUbTCBvayYNBrUi5Q5CobjO8Fp16', '1994-08-30', 2, '125 Ph Qun i Kh, Phng Bin, Qun D Nhi\nThi Bnh', '', '2016-08-23 00:00:00', '2016-08-23 00:00:00'),
(465, 'ybo', 'Mn', 'D', 'quyen.ung@example.org', '$2y$10$oW0TwKuxA/6aKyf3elffl.GIgbRrzjklt7ew8dQuIRa7IdULLh9x2', '1992-06-21', 1, '135 Ph Ch Ng Tho, X Hi Gi, Huyn 0\nH Ni', '', '2016-08-23 00:00:00', '2016-08-23 00:00:00'),
(466, 'ty.nguyen', 'Uyn', 'an', 'cuong.luong@example.org', '$2y$10$nEb61LODu.1WR0mXNBOiWe6HnPPc8sWItFDGeGafHxCCzax98F9fS', '2003-05-17', 2, '4926 Ph Vin Trm Trung, X Mn, Qun Ma Chiu\nH Ni', '', '2016-08-23 00:00:00', '2016-08-23 00:00:00'),
(467, 'gtong', 'Hoa', 'Khu', 'sthai@example.net', '$2y$10$nN41USVgCt1fmbZ.5H89jOcT7yNWFyp1.Blaiq.sjBnmrQV0BRVVK', '1987-02-01', 1, '1439, p Huynh Tuyn, X Hng, Huyn H Vit Hu\nKin Giang', '', '2016-08-23 00:00:00', '2016-08-23 00:00:00'),
(468, 'thu.thi', 'Tip', 'T', 'lu.vinh@example.com', '$2y$10$dsVzAgmAtp7a3eb6K4auBugilU78g3haecQdt4Osavc7MLkHK69Pa', '2003-08-02', 2, '3, Thn i Trinh Thi, Thn nh Khot, Qun Chinh T\nLong An', '', '2016-08-23 00:00:00', '2016-08-23 00:00:00'),
(469, 'dai.theu', 'Huy', 'La', 'leu.cong@example.org', '$2y$10$Wk.vl.2tflL5mbdREjnQgu.P6tx4.zv.PveXy.SZG6tHwWZtRjGXW', '2008-11-14', 1, '2, p Ph Mnh Thi, Phng 93, Huyn 1\nBc Kn', '', '2016-08-23 00:00:00', '2016-08-23 00:00:00'),
(470, 'ndoan', 'S', 'Khng', 'man.hua@example.org', '$2y$10$1DlFDe5V8PZUZO1eMytg2u2CqdfTZmtcig/Wyb4c4zZ042OTs5soO', '1972-01-16', 2, '4 Ph an, Phng 89, Huyn S\n Nng', '', '2016-08-23 00:00:00', '2016-08-23 00:00:00'),
(471, 'nha29', 'Tuyn', 'i', 'yen57@example.com', '$2y$10$7V4rj.6kkTgtbC9LiKjI2u6J2Bc5QL.X7C7hMsJAOEG7g9DhbORcm', '2016-03-24', 1, '3266, Thn Dim, Thn Lm Nh, Qun B\nKin Giang', '', '2016-08-23 00:00:00', '2016-08-23 00:00:00'),
(472, 'wthinh', 'H', 'Hoa', 'dthoi@example.com', '$2y$10$Sswe3Fv.PRHq4n8Orr2wZefvbdWm3OPK34oR/y/YaOQjXQ8zjfPyS', '1980-06-21', 2, '9599, p 3, Thn Ph Giang, Qun Lan Hy\nBnh Thun', '', '2016-08-23 00:00:00', '2016-08-23 00:00:00'),
(473, 'cat07', 'Hon', 'Ng', 'hong.trinh@example.com', '$2y$10$TKx6k7pA/gQsFMYTZ3t3IOHEZmqEIBUSH4uoskYTP7wtdsLYCv7g6', '2011-08-08', 1, '147, p 80, Phng C L Du, Qun Hnh Thy\nBnh nh', '', '2016-08-23 00:00:00', '2016-08-23 00:00:00'),
(474, 'ca.bi', 'Nhung', 'Yn', 'trinh.thuong@example.org', '$2y$10$4pQeNdUPQR.2W3QNymuGqOk2TlZWsf1QtebazE8.AMVTnnTA1qMnC', '1991-02-24', 2, '77 Ph Triu, Phng 62, Qun 18\nB Ra - Vng Tu', '', '2016-08-23 00:00:00', '2016-08-23 00:00:00'),
(475, 'luan79', 'Min', 'Thn', 'hiep.ma@example.com', '$2y$10$RtQfsreqrMIpr3qaGXK0Z.jeWGIZoQHnOSnLNBTWxTY3wmkYR5SvG', '2009-08-07', 1, '987 Ph Giang, Phng Thin Thiu, Qun Nguyn\nH Ch Minh', '', '2016-08-23 00:00:00', '2016-08-23 00:00:00'),
(476, 'thoang', 'Hoa', 'Mn', 'be.mi@example.com', '$2y$10$XFCwOrUwjd82.iLPeWMazO9wTxj6zRTJBbkRw/AIJo2dlij7N0l7G', '2005-01-15', 2, '6735, Thn B, Thn Xun ip, Huyn An Thoa\nk Nng', '', '2016-08-23 00:00:00', '2016-08-23 00:00:00'),
(477, 'tmoc', 'Kin', 'L', 'yphi@example.org', '$2y$10$vrbEeEFRhVyNOuj53GAJOOg/ycE/WyIj7j0xXATEWzVa3s5bGQvQa', '1980-07-24', 1, '7 Ph V Kin Phc, X 35, Qun Lp Vit\nHa Bnh', '', '2016-08-23 00:00:00', '2016-08-23 00:00:00'),
(478, 'xhuynh', 'Thm', 'An', 'xtran@example.org', '$2y$10$LjNWGzhgKRNyL7uLLC.VNOPQ1R7LNHO7jwE0SJhIv8dSOq5831b4e', '1989-03-24', 2, '2 Ph Thi, X Danh, Huyn Lc\nHa Bnh', '', '2016-08-23 00:00:00', '2016-08-23 00:00:00'),
(479, 'le.quan', 'Ln', 'Kim', 'diep.cuong@example.org', '$2y$10$YM.7GlaxZbd7YT/CTUqds.O3FIIPtYOhuBs5Mzu.mIJzcjzpU/clC', '1971-07-31', 1, '314 Ph an An Di, X 8, Huyn Thm Dng\nVnh Phc', '', '2016-08-23 00:00:00', '2016-08-23 00:00:00'),
(480, 'quan.mai', 'Khai', 'Bu', 'dai.thieu@example.net', '$2y$10$/tbgwrW/QtJzDiR3ko1MPuveZhqycHj1Q/McoPfr02YcmanjHTHbC', '2000-02-14', 2, '9032 Ph Khng, Phng Mc Khanh Khang, Huyn Ch\nH Ni', '', '2016-08-23 00:00:00', '2016-08-23 00:00:00'),
(481, 'admin', 'Tran', 'Khanh', 'admin@admin.com', '$2y$10$/tbgwrW/QtJzDiR3ko1MPuveZhqycHj1Q/McoPfr02YcmanjHTHbC', '2016-08-24', 4, 'Admin ba dao', 'cWzC70zluU8LIsJymUtz', '2016-08-23 00:00:00', '2016-08-23 00:00:00');

--
-- Indexes for dumped tables
--

--
-- Indexes for table `cl4sses`
--
ALTER TABLE `cl4sses`
  ADD PRIMARY KEY (`id`),
  ADD KEY `fk_classes_grades1_idx` (`grade_id`),
  ADD KEY `fk_classes_scholastics1_idx` (`scholastic_id`),
  ADD KEY `fk_classes_semesters1_idx` (`semester_id`),
  ADD KEY `fk_classes_users1_idx` (`teacher_id`),
  ADD KEY `fk_classes_users2_idx` (`parent_id`),
  ADD KEY `cl4ss_type_id` (`cl4ss_type_id`);

--
-- Indexes for table `cl4ss_student`
--
ALTER TABLE `cl4ss_student`
  ADD PRIMARY KEY (`id`),
  ADD KEY `fk_classes_has_user_user1_idx` (`student_id`),
  ADD KEY `fk_classes_has_user_classes1_idx` (`cl4ss_id`);

--
-- Indexes for table `cl4ss_subject`
--
ALTER TABLE `cl4ss_subject`
  ADD PRIMARY KEY (`id`),
  ADD KEY `fk_classes_has_subjects_subjects1_idx` (`subject_id`),
  ADD KEY `fk_classes_has_subjects_classes1_idx` (`cl4ss_id`);

--
-- Indexes for table `cl4ss_types`
--
ALTER TABLE `cl4ss_types`
  ADD PRIMARY KEY (`id`);

--
-- Indexes for table `grades`
--
ALTER TABLE `grades`
  ADD PRIMARY KEY (`id`);

--
-- Indexes for table `marks`
--
ALTER TABLE `marks`
  ADD PRIMARY KEY (`id`),
  ADD KEY `fk_marks_marktypes1_idx` (`mark_type_id`),
  ADD KEY `fk_marks_subjects1_idx` (`subject_id`),
  ADD KEY `fk_marks_user1_idx` (`teacher_id`),
  ADD KEY `fk_marks_user2_idx` (`student_id`),
  ADD KEY `fk_marks_classes1_idx` (`cl4ss_id`);

--
-- Indexes for table `mark_types`
--
ALTER TABLE `mark_types`
  ADD PRIMARY KEY (`id`);

--
-- Indexes for table `parent_student`
--
ALTER TABLE `parent_student`
  ADD PRIMARY KEY (`id`),
  ADD KEY `parent_id` (`parent_id`),
  ADD KEY `student_id` (`student_id`);

--
-- Indexes for table `permissions`
--
ALTER TABLE `permissions`
  ADD PRIMARY KEY (`id`);

--
-- Indexes for table `permission_role`
--
ALTER TABLE `permission_role`
  ADD KEY `fk_permissions_has_roles_roles1_idx` (`role_id`),
  ADD KEY `fk_permissions_has_roles_permissions_idx` (`permission_id`);

--
-- Indexes for table `roles`
--
ALTER TABLE `roles`
  ADD PRIMARY KEY (`id`);

--
-- Indexes for table `scholastics`
--
ALTER TABLE `scholastics`
  ADD PRIMARY KEY (`id`);

--
-- Indexes for table `semesters`
--
ALTER TABLE `semesters`
  ADD PRIMARY KEY (`id`);

--
-- Indexes for table `subjects`
--
ALTER TABLE `subjects`
  ADD PRIMARY KEY (`id`);

--
-- Indexes for table `subject_user`
--
ALTER TABLE `subject_user`
  ADD KEY `fk_subjects_has_users_users1_idx` (`user_id`),
  ADD KEY `fk_subjects_has_users_subjects1_idx` (`subject_id`);

--
-- Indexes for table `users`
--
ALTER TABLE `users`
  ADD PRIMARY KEY (`id`);

--
-- AUTO_INCREMENT for dumped tables
--

--
-- AUTO_INCREMENT for table `cl4sses`
--
ALTER TABLE `cl4sses`
  MODIFY `id` int(10) UNSIGNED NOT NULL AUTO_INCREMENT, AUTO_INCREMENT=380;
--
-- AUTO_INCREMENT for table `cl4ss_student`
--
ALTER TABLE `cl4ss_student`
  MODIFY `id` int(11) UNSIGNED NOT NULL AUTO_INCREMENT, AUTO_INCREMENT=6301;
--
-- AUTO_INCREMENT for table `cl4ss_subject`
--
ALTER TABLE `cl4ss_subject`
  MODIFY `id` int(10) NOT NULL AUTO_INCREMENT;
--
-- AUTO_INCREMENT for table `cl4ss_types`
--
ALTER TABLE `cl4ss_types`
  MODIFY `id` int(10) UNSIGNED NOT NULL AUTO_INCREMENT, AUTO_INCREMENT=4;
--
-- AUTO_INCREMENT for table `grades`
--
ALTER TABLE `grades`
  MODIFY `id` int(10) UNSIGNED NOT NULL AUTO_INCREMENT, AUTO_INCREMENT=12;
--
-- AUTO_INCREMENT for table `marks`
--
ALTER TABLE `marks`
  MODIFY `id` int(10) UNSIGNED NOT NULL AUTO_INCREMENT;
--
-- AUTO_INCREMENT for table `mark_types`
--
ALTER TABLE `mark_types`
  MODIFY `id` int(10) UNSIGNED NOT NULL AUTO_INCREMENT, AUTO_INCREMENT=6;
--
-- AUTO_INCREMENT for table `parent_student`
--
ALTER TABLE `parent_student`
  MODIFY `id` int(11) NOT NULL AUTO_INCREMENT, AUTO_INCREMENT=201;
--
-- AUTO_INCREMENT for table `permissions`
--
ALTER TABLE `permissions`
  MODIFY `id` int(10) UNSIGNED NOT NULL AUTO_INCREMENT;
--
-- AUTO_INCREMENT for table `roles`
--
ALTER TABLE `roles`
  MODIFY `id` int(10) UNSIGNED NOT NULL AUTO_INCREMENT, AUTO_INCREMENT=5;
--
-- AUTO_INCREMENT for table `scholastics`
--
ALTER TABLE `scholastics`
  MODIFY `id` int(10) UNSIGNED NOT NULL AUTO_INCREMENT, AUTO_INCREMENT=25;
--
-- AUTO_INCREMENT for table `semesters`
--
ALTER TABLE `semesters`
  MODIFY `id` int(10) UNSIGNED NOT NULL AUTO_INCREMENT, AUTO_INCREMENT=8;
--
-- AUTO_INCREMENT for table `subjects`
--
ALTER TABLE `subjects`
  MODIFY `id` int(10) UNSIGNED NOT NULL AUTO_INCREMENT, AUTO_INCREMENT=13;
--
-- AUTO_INCREMENT for table `users`
--
ALTER TABLE `users`
  MODIFY `id` int(10) UNSIGNED NOT NULL AUTO_INCREMENT, AUTO_INCREMENT=482;
--
-- Constraints for dumped tables
--

--
-- Constraints for table `cl4sses`
--
ALTER TABLE `cl4sses`
  ADD CONSTRAINT `fk_classes_class_types` FOREIGN KEY (`cl4ss_type_id`) REFERENCES `cl4ss_types` (`id`),
  ADD CONSTRAINT `fk_classes_grades1` FOREIGN KEY (`grade_id`) REFERENCES `grades` (`id`) ON DELETE CASCADE ON UPDATE CASCADE,
  ADD CONSTRAINT `fk_classes_scholastics1` FOREIGN KEY (`scholastic_id`) REFERENCES `scholastics` (`id`) ON DELETE CASCADE ON UPDATE CASCADE,
  ADD CONSTRAINT `fk_classes_semesters1` FOREIGN KEY (`semester_id`) REFERENCES `semesters` (`id`) ON DELETE CASCADE ON UPDATE CASCADE;

--
-- Constraints for table `cl4ss_student`
--
ALTER TABLE `cl4ss_student`
  ADD CONSTRAINT `cl4ss_student_ibfk_1` FOREIGN KEY (`cl4ss_id`) REFERENCES `cl4sses` (`id`) ON DELETE CASCADE ON UPDATE CASCADE,
  ADD CONSTRAINT `fk_classes_has_user_user1` FOREIGN KEY (`student_id`) REFERENCES `users` (`id`) ON DELETE CASCADE ON UPDATE CASCADE;

--
-- Constraints for table `cl4ss_subject`
--
ALTER TABLE `cl4ss_subject`
  ADD CONSTRAINT `cl4ss_subject_ibfk_1` FOREIGN KEY (`cl4ss_id`) REFERENCES `cl4sses` (`id`),
  ADD CONSTRAINT `fk_classes_has_subjects_subjects1` FOREIGN KEY (`subject_id`) REFERENCES `subjects` (`id`) ON DELETE NO ACTION ON UPDATE NO ACTION;

--
-- Constraints for table `marks`
--
ALTER TABLE `marks`
  ADD CONSTRAINT `fk_marks_marktypes1` FOREIGN KEY (`mark_type_id`) REFERENCES `mark_types` (`id`) ON DELETE CASCADE ON UPDATE CASCADE,
  ADD CONSTRAINT `fk_marks_subjects1` FOREIGN KEY (`subject_id`) REFERENCES `subjects` (`id`) ON DELETE CASCADE ON UPDATE CASCADE,
  ADD CONSTRAINT `marks_ibfk_1` FOREIGN KEY (`teacher_id`) REFERENCES `users` (`id`) ON DELETE CASCADE ON UPDATE CASCADE,
  ADD CONSTRAINT `marks_ibfk_2` FOREIGN KEY (`student_id`) REFERENCES `users` (`id`) ON DELETE CASCADE ON UPDATE CASCADE;

--
-- Constraints for table `parent_student`
--
ALTER TABLE `parent_student`
  ADD CONSTRAINT `parent_student_ibfk_1` FOREIGN KEY (`parent_id`) REFERENCES `users` (`id`) ON DELETE CASCADE ON UPDATE CASCADE,
  ADD CONSTRAINT `parent_student_ibfk_2` FOREIGN KEY (`student_id`) REFERENCES `users` (`id`) ON DELETE CASCADE ON UPDATE CASCADE;

--
-- Constraints for table `permission_role`
--
ALTER TABLE `permission_role`
  ADD CONSTRAINT `fk_permissions_has_roles_permissions` FOREIGN KEY (`permission_id`) REFERENCES `permissions` (`id`) ON DELETE NO ACTION ON UPDATE NO ACTION,
  ADD CONSTRAINT `fk_permissions_has_roles_roles1` FOREIGN KEY (`role_id`) REFERENCES `roles` (`id`) ON DELETE NO ACTION ON UPDATE NO ACTION;

--
-- Constraints for table `subject_user`
--
ALTER TABLE `subject_user`
  ADD CONSTRAINT `fk_subjects_has_users_subjects1` FOREIGN KEY (`subject_id`) REFERENCES `subjects` (`id`) ON DELETE CASCADE ON UPDATE CASCADE,
  ADD CONSTRAINT `fk_subjects_has_users_users1` FOREIGN KEY (`user_id`) REFERENCES `users` (`id`) ON DELETE CASCADE ON UPDATE CASCADE;

/*!40101 SET CHARACTER_SET_CLIENT=@OLD_CHARACTER_SET_CLIENT */;
/*!40101 SET CHARACTER_SET_RESULTS=@OLD_CHARACTER_SET_RESULTS */;
/*!40101 SET COLLATION_CONNECTION=@OLD_COLLATION_CONNECTION */;
